OrigBlock,OrigSeaTable,SampleN,SampleID,PopID,Genus_Species,Trt,PreTrtMortNotes,ShellHeight,ShellWidth,WetWeight,ReplacementFor
4,T3,0001,NT_RI_LS_04_0001,RI,littorina_saxatilis,NT,,9.40,10.30,0.508,
4,T2,0006,NT_RI_LS_04_0006,RI,littorina_saxatilis,NT,,5.51,4.00,0.043,
4,T3,0014,NT_MA_LO_04_0014,MA,littorina_obtusata,NT,,5.96,6.61,0.122,
4,T3,0023,HS_MA_LO_04_0023,MA,littorina_obtusata,HS,,9.86,10.67,0.590,
4,T2,0043,NT_RI_LO_04_0043,RI,littorina_obtusata,NT,,5.78,6.28,0.120,
4,T2,0048,HS_MA_LL_04_0048,MA,littorina_littorea,HS,,13.92,11.64,1.007,
4,T3,0063,HS_MA_LS_04_0063,MA,littorina_saxatilis,HS,,8.93,7.83,0.202,
4,T3,0064,NT_RI_LS_04_0064,RI,littorina_saxatilis,CS,,9.94,8.67,0.254,NT_RI_LS_03_0485
4,T3,0076,NT_RI_LO_04_0076,RI,littorina_obtusata,NT,,6.59,7.60,0.197,
4,T3,0078,CS_MA_LO_04_0078,MA,littorina_obtusata,CS,,8.64,9.51,0.358,
4,T3,0084,HS_RI_LO_04_0084,RI,littorina_obtusata,HS,,8.47,9.73,0.388,
4,T2,0089,NT_MA_LS_04_0089,MA,littorina_saxatilis,NT,,12.16,10.43,0.509,
4,T2,0090,NT_MA_LS_04_0090,MA,littorina_saxatilis,NT,dead,5.07,4.09,0.033,
4,T1,0093,NT_MA_LL_04_0093,MA,littorina_littorea,NT,,8.65,7.82,0.270,
4,T3,0098,CS_MA_LL_04_0098,MA,littorina_littorea,CS,,10.20,8.76,0.337,
4,T3,0104,NT_MA_LO_04_0104,MA,littorina_obtusata,NT,,8.10,8.97,0.259,
4,T2,0107,HS_RI_LL_04_0107,RI,littorina_littorea,HS,,12.91,11.58,0.871,
4,T1,0108,CS_RI_LL_04_0108,RI,littorina_littorea,CS,,18.94,16.62,2.680,
4,T3,0111,NT_RI_LO_04_0111,RI,littorina_obtusata,NT,,6.58,7.19,0.183,
4,T1,0119,CS_MA_LS_04_0119,MA,littorina_saxatilis,CS,,7.85,6.90,0.196,
4,T1,0130,HS_RI_LO_04_0130,RI,littorina_obtusata,HS,,8.05,8.93,0.488,
4,T2,0148,NT_MA_LO_04_0148,MA,littorina_obtusata,NT,dead,5.07,5.44,0.065,
4,T2,0161,HS_MA_LL_04_0161,MA,littorina_littorea,HS,,7.65,6.68,0.143,
4,T2,0167,NT_MA_LO_04_0167,MA,littorina_obtusata,NT,,4.70,5.27,0.064,
4,T3,0187,HS_RI_LO_04_0187,RI,littorina_obtusata,HS,,9.33,10.16,0.505,
4,T1,0189,NT_RI_LL_04_0189,RI,littorina_littorea,NT,,11.89,10.17,0.568,
4,T3,0191,HS_RI_LL_04_0191,RI,littorina_littorea,HS,,14.16,12.79,1.086,HS_RI_LS_03_0484
4,T3,0197,CS_MA_LL_04_0197,MA,littorina_littorea,CS,,11.03,9.74,0.426,
4,T2,0198,CS_MA_LL_04_0198,MA,littorina_littorea,CS,,11.41,9.83,0.483,
4,T2,0204,CS_RI_LL_04_0204,RI,littorina_littorea,CS,,12.47,11.19,0.695,NT_RI_LS_03_0936
4,T2,0205,HS_RI_LL_04_0205,RI,littorina_littorea,HS,,11.93,10.54,0.612,HS_RI_LS_03_0759
4,T2,0217,HS_MA_LO_04_0217,MA,littorina_obtusata,HS,,8.35,9.31,0.311,
4,T1,0223,NT_RI_LS_04_0223,RI,littorina_saxatilis,CS,,7.58,5.33,0.165,NT_RI_LS_03_0690
4,T1,0224,HS_MA_LL_04_0224,MA,littorina_littorea,HS,,9.67,6.03,0.296,
4,T1,0228,CS_RI_LO_04_0228,RI,littorina_obtusata,CS,,7.65,7.41,0.455,
4,T1,0233,CS_RI_LS_04_0233,RI,littorina_saxatilis,CS,dead,8.22,5.77,0.183,
4,T3,0240,NT_MA_LL_04_0240,MA,littorina_littorea,NT,,6.62,5.93,0.108,
4,T1,0249,HS_MA_LL_04_0249,MA,littorina_littorea,HS,,10.44,6.63,0.380,
4,T1,0251,NT_MA_LS_04_0251,MA,littorina_saxatilis,NT,,4.93,4.31,0.040,
4,T1,0252,CS_MA_LS_04_0252,MA,littorina_saxatilis,CS,,9.51,7.04,0.289,
4,T3,0257,NT_RI_LS_04_0257,RI,littorina_saxatilis,NT,,6.27,5.45,0.086,
4,T1,0259,NT_RI_LS_04_0259,RI,littorina_littorea,HS,,7.07,6.19,0.114,NT_RI_LS_03_0009
4,T3,0261,HS_MA_LL_04_0261,MA,littorina_littorea,HS,,7.95,7.01,0.176,
4,T3,0267,CS_MA_LL_04_0267,MA,littorina_littorea,CS,,7.75,6.76,0.159,
4,T2,0290,CS_MA_LO_04_0290,MA,littorina_obtusata,CS,,6.76,6.93,0.135,
4,T1,0295,NT_RI_LS_04_0295,RI,littorina_saxatilis,NT,,8.82,7.58,0.234,
4,T3,0299,HS_MA_LS_04_0299,MA,littorina_saxatilis,HS,,6.63,5.95,0.107,HS_MA_LS_03_0772
4,T2,0310,CS_RI_LL_04_0310,RI,littorina_littorea,CS,,18.30,16.00,2.348,
4,T2,0312,NT_RI_LS_04_0312,RI,littorina_saxatilis,HS,,8.76,7.30,0.187,NT_RI_LS_03_0306
4,T2,0313,CS_RI_LO_04_0313,RI,littorina_obtusata,CS,,4.29,5.02,0.056,
4,T2,0317,CS_RI_LO_04_0317,RI,littorina_obtusata,CS,,6.24,6.96,0.148,
4,T1,0323,NT_MA_LL_04_0323,MA,littorina_littorea,NT,,8.62,6.38,0.238,
4,T1,0326,CS_MA_LL_04_0326,MA,littorina_littorea,CS,,10.26,7.61,0.351,
4,T3,0331,HS_MA_LS_04_0331,MA,littorina_saxatilis,HS,,8.75,8.17,0.209,
4,T1,0341,CS_MA_LL_04_0341,MA,littorina_littorea,CS,,8.71,5.87,0.253,
4,T2,0344,NT_RI_LS_04_0344,RI,littorina_saxatilis,NT,,7.70,6.55,0.157,NT_RI_LS_03_0201
4,T2,0347,CS_RI_LS_04_0347,RI,littorina_saxatilis,CS,,12.19,10.98,0.532,
4,T3,0355,CS_MA_LO_04_0355,MA,littorina_obtusata,CS,,6.02,6.68,0.130,CS_MA_LO_03_1063
4,T3,0356,CS_MA_LS_04_0356,MA,littorina_saxatilis,CS,,7.90,6.97,0.154,
4,T3,0357,NT_MA_LL_04_0357,MA,littorina_littorea,NT,,10.86,10.12,0.493,
4,T1,0374,NT_RI_LL_04_0374,RI,littorina_littorea,NT,,18.22,15.76,1.989,
4,T3,0380,HS_RI_LO_04_0380,RI,littorina_obtusata,HS,,7.66,6.99,0.382,
4,T1,0389,CS_MA_LS_04_0389,MA,littorina_saxatilis,CS,,10.65,6.00,0.266,CS_MA_LS_03_0823
4,T2,0399,NT_MA_LS_04_0399,MA,littorina_saxatilis,NT,,8.00,7.08,0.172,
4,T1,0411,HS_RI_LL_04_0411,RI,littorina_littorea,HS,,10.37,8.68,0.354,HS_RI_LS_03_1026
4,T1,0414,HS_RI_LL_04_0414,RI,littorina_littorea,HS,,12.04,11.02,0.727,
4,T1,0419,NT_RI_LS_04_0419,RI,littorina_saxatilis,NT,,9.34,7.32,0.251,
4,T3,0420,HS_RI_LO_04_0420,RI,littorina_obtusata,HS,,5.53,6.07,0.098,
4,T3,0423,NT_RI_LS_04_0423,RI,littorina_saxatilis,NT,,8.40,6.85,0.151,NT_RI_LS_05_0229
4,T1,0427,NT_MA_LS_04_0427,MA,littorina_saxatilis,NT,,5.09,3.26,0.056,NT_MA_LS_03_0498
4,T2,0430,HS_MA_LL_04_0430,MA,littorina_littorea,HS,,7.81,6.85,0.169,
4,T1,0431,CS_RI_LO_04_0431,RI,littorina_obtusata,CS,dead,4.02,4.80,0.061,
4,T1,0436,CS_RI_LO_04_0436,RI,littorina_obtusata,CS,,6.07,6.42,0.132,CS_RI_LO_05_0554
4,T2,0440,CS_RI_LL_04_0440,RI,littorina_littorea,CS,,11.15,9.99,0.490,
4,T1,0443,NT_RI_LS_04_0443,RI,littorina_saxatilis,NT,,8.47,6.65,0.174,
4,T2,0448,HS_MA_LS_04_0448,MA,littorina_saxatilis,HS,,8.85,7.83,0.228,HS_MA_LS_03_0982
4,T1,0450,HS_RI_LS_04_0450,RI,littorina_saxatilis,HS,,6.67,5.86,0.094,HS_RI_LS_05_0555
4,T2,0452,NT_RI_LO_04_0452,RI,littorina_obtusata,NT,,8.20,9.20,0.354,
4,T2,0462,HS_RI_LS_04_0462,RI,littorina_saxatilis,HS,dead,4.43,4.07,0.027,
4,T2,0472,HS_MA_LS_04_0472,MA,littorina_saxatilis,HS,,10.96,9.74,0.423,HS_MA_LS_03_0591
4,T3,0477,NT_MA_LS_04_0477,MA,littorina_saxatilis,NT,,9.57,8.00,0.206,
4,T3,0482,HS_MA_LO_04_0482,MA,littorina_obtusata,HS,,6.93,7.52,0.182,HS_MA_LO_03_0640
4,T3,0497,HS_RI_LS_04_0497,RI,littorina_saxatilis,HS,,8.82,7.86,0.208,
4,T3,0499,NT_MA_LO_04_0499,MA,littorina_obtusata,NT,,5.37,5.68,0.074,
4,T3,0502,HS_MA_LL_04_0502,MA,littorina_littorea,HS,,10.97,9.58,0.402,
4,T1,0504,CS_RI_LL_04_0504,RI,littorina_littorea,CS,,11.62,9.20,0.528,
4,T2,0505,NT_MA_LO_04_0505,MA,littorina_obtusata,NT,,6.82,7.51,0.169,
4,T1,0508,NT_RI_LO_04_0508,RI,littorina_obtusata,NT,,7.46,8.10,0.259,NT_RI_LO_03_0720
4,T1,0516,HS_MA_LO_04_0516,MA,littorina_obtusata,HS,dead,8.46,7.90,0.481,
4,T2,0523,CS_RI_LO_04_0523,RI,littorina_obtusata,CS,,5.59,6.08,0.122,
4,T2,0524,CS_RI_LS_04_0524,RI,littorina_saxatilis,CS,,11.84,10.15,0.533,
4,T1,0527,NT_MA_LS_04_0527,MA,littorina_saxatilis,NT,,6.62,5.23,0.067,
4,T1,0539,HS_MA_LO_04_0539,MA,littorina_obtusata,HS,,5.70,6.03,0.167,
4,T1,0540,HS_MA_LS_04_0540,MA,littorina_saxatilis,HS,,18.37,13.82,2.092,
4,T2,0542,NT_MA_LL_04_0542,MA,littorina_littorea,NT,,9.49,8.11,0.266,
4,T3,0543,HS_MA_LL_04_0543,MA,littorina_littorea,HS,,9.92,8.91,0.363,
4,T3,0550,NT_RI_LO_04_0550,RI,littorina_obtusata,NT,,4.87,5.26,0.065,
4,T1,0564,HS_RI_LO_04_0564,RI,littorina_obtusata,HS,,4.88,5.89,0.112,HS_RI_LO_03_0152
4,T2,0568,HS_RI_LO_04_0568,RI,littorina_obtusata,HS,,6.16,6.78,0.158,
4,T3,0569,HS_MA_LL_04_0569,MA,littorina_littorea,HS,,11.36,9.92,0.471,
4,T2,0573,CS_MA_LS_04_0573,MA,littorina_saxatilis,CS,,5.40,4.74,0.051,
4,T2,0576,HS_MA_LO_04_0576,MA,littorina_obtusata,HS,,8.47,8.93,0.309,
4,T1,0596,HS_RI_LS_04_0596,RI,littorina_saxatilis,HS,,6.87,5.66,0.108,HS_RI_LS_03_0637
4,T1,0607,HS_RI_LO_04_0607,RI,littorina_obtusata,HS,,9.89,10.86,0.584,
4,T1,0609,NT_MA_LL_04_0609,MA,littorina_littorea,NT,,13.16,11.16,0.782,
4,T3,0614,CS_RI_LO_04_0614,RI,littorina_obtusata,CS,,9.74,11.93,0.628,
4,T1,0618,CS_MA_LL_04_0618,MA,littorina_littorea,CS,,15.90,14.17,1.450,
4,T2,0630,CS_MA_LO_04_0630,MA,littorina_obtusata,CS,,4.14,4.47,0.038,
4,T3,0634,CS_MA_LO_04_0634,MA,littorina_obtusata,CS,,6.30,6.54,0.077,
4,T1,0642,CS_MA_LO_04_0642,MA,littorina_obtusata,CS,,9.63,9.69,0.346,
4,T2,0648,HS_MA_LO_04_0648,MA,littorina_obtusata,HS,,8.44,8.77,0.308,
4,T2,0658,CS_MA_LS_04_0658,MA,littorina_saxatilis,CS,,12.08,10.14,0.502,CS_MA_LS_03_0988
4,T1,0683,CS_MA_LS_04_0683,MA,littorina_saxatilis,CS,,11.10,9.67,0.433,CS_MA_LS_03_0912
4,T2,0696,CS_MA_LO_04_0696,MA,littorina_obtusata,CS,,9.47,9.86,0.446,
4,T3,0699,CS_MA_LL_04_0699,MA,littorina_littorea,CS,,11.52,9.58,0.433,
4,T2,0707,CS_RI_LL_04_0707,RI,littorina_littorea,CS,,20.15,14.89,2.862,
4,T1,0710,HS_RI_LS_04_0710,RI,littorina_saxatilis,HS,,11.13,8.63,0.365,HS_RI_LS_05_0645
4,T2,0730,CS_MA_LL_04_0730,MA,littorina_littorea,CS,,8.41,6.97,0.188,
4,T3,0736,HS_RI_LS_04_0736,RI,littorina_saxatilis,HS,,6.90,6.19,0.108,
4,T2,0751,NT_RI_LL_04_0751,RI,littorina_littorea,NT,,14.03,13.13,1.070,
4,T3,0752,NT_MA_LL_04_0752,MA,littorina_littorea,NT,,10.28,8.93,0.358,
4,T1,0761,HS_RI_LL_04_0761,RI,littorina_littorea,HS,,7.93,6.76,0.167,
4,T1,0762,CS_MA_LO_04_0762,MA,littorina_obtusata,CS,dead,7.69,7.54,0.360,
4,T2,0765,NT_RI_LL_04_0765,RI,littorina_littorea,NT,,10.19,9.17,0.449,
4,T3,0767,CS_MA_LS_04_0767,MA,littorina_saxatilis,CS,,11.85,9.90,0.516,CS_MA_LS_05_0850
4,T1,0779,HS_MA_LO_04_0779,MA,littorina_obtusata,HS,,6.74,5.90,0.261,
4,T2,0782,HS_RI_LS_04_0782,RI,littorina_saxatilis,HS,,9.46,7.39,0.223,HS_RI_LS_03_0215
4,T3,0802,NT_RI_LL_04_0802,RI,littorina_littorea,NT,,13.22,10.54,0.912,
4,T2,0810,NT_MA_LS_04_0810,MA,littorina_saxatilis,NT,,15.23,13.22,1.251,
4,T2,0815,CS_RI_LO_04_0815,RI,littorina_obtusata,CS,,11.50,12.09,0.836,CS_RI_LO_03_0369
4,T1,0820,CS_RI_LO_04_0820,RI,littorina_obtusata,CS,,8.15,7.20,0.535,
4,T3,0826,NT_RI_LO_04_0826,RI,littorina_obtusata,NT,,9.98,12.83,0.907,
4,T3,0827,NT_RI_LL_04_0827,RI,littorina_littorea,NT,,9.83,9.10,0.362,
4,T3,0839,CS_RI_LS_04_0839,RI,littorina_saxatilis,CS,,8.41,7.28,0.139,CS_RI_LS_03_0428
4,T1,0851,CS_MA_LO_04_0851,MA,littorina_obtusata,CS,,7.06,6.82,0.176,
4,T3,0857,CS_MA_LO_04_0857,MA,littorina_obtusata,CS,,8.46,9.34,0.327,
4,T3,0861,CS_RI_LL_04_0861,RI,littorina_littorea,CS,,18.51,12.28,2.179,
4,T1,0862,NT_RI_LO_04_0862,RI,littorina_obtusata,NT,,8.52,10.73,0.580,
4,T3,0872,NT_RI_LL_04_0872,RI,littorina_littorea,NT,,11.84,10.50,0.624,
4,T1,0875,NT_MA_LO_04_0875,MA,littorina_obtusata,NT,,10.03,11.02,0.525,
4,T2,0882,NT_RI_LS_04_0882,RI,littorina_saxatilis,NT,dead,5.23,3.57,0.041,
4,T1,0885,CS_MA_LS_04_0885,MA,littorina_saxatilis,CS,dead,4.27,4.59,0.031,
4,T3,0887,NT_MA_LO_04_0887,MA,littorina_obtusata,NT,,5.59,6.43,0.148,
4,T3,0899,CS_RI_LO_04_0899,RI,littorina_obtusata,CS,,4.46,4.85,0.059,
4,T1,0901,HS_RI_LO_04_0901,RI,littorina_obtusata,HS,,4.95,5.38,0.080,
4,T2,0907,HS_RI_LS_04_0907,RI,littorina_saxatilis,HS,,8.32,7.80,0.186,HS_RI_LS_03_0969
4,T3,0923,HS_MA_LL_04_0923,MA,littorina_littorea,HS,,13.90,12.58,1.058,
4,T3,0927,NT_RI_LL_04_0927,RI,littorina_littorea,NT,,13.06,11.86,0.886,NT_RI_LS_03_0032
4,T1,0930,HS_MA_LS_04_0930,MA,littorina_saxatilis,HS,dead,8.01,6.62,0.153,
4,T2,0933,NT_MA_LL_04_0933,MA,littorina_littorea,NT,,14.68,11.76,1.054,
4,T2,0939,HS_MA_LO_04_0939,MA,littorina_obtusata,HS,,10.95,12.28,0.676,
4,T2,0940,HS_RI_LL_04_0940,RI,littorina_littorea,HS,,13.37,11.25,0.818,
4,T3,0944,CS_RI_LL_04_0944,RI,littorina_littorea,CS,,10.43,8.37,0.405,
4,T1,0952,NT_MA_LS_04_0952,MA,littorina_saxatilis,NT,,7.18,6.52,0.100,
4,T1,0953,CS_RI_LS_04_0953,RI,littorina_saxatilis,CS,,4.80,4.00,0.041,
4,T2,0959,HS_RI_LO_04_0959,RI,littorina_obtusata,HS,,8.77,9.57,0.426,
4,T2,0961,CS_RI_LL_04_0961,RI,littorina_littorea,CS,,11.26,9.80,0.495,CS_RI_LS_03_0595
4,T3,0971,CS_MA_LS_04_0971,MA,littorina_saxatilis,CS,,12.14,9.93,0.543,
4,T3,0978,HS_RI_LL_04_0978,RI,littorina_littorea,HS,,11.43,9.65,0.484,
4,T1,0983,NT_RI_LO_04_0983,RI,littorina_obtusata,NT,,5.57,5.32,0.100,
4,T1,0986,CS_RI_LS_04_0986,RI,littorina_saxatilis,CS,,9.06,7.22,0.216,CS_RI_LS_05_0102
4,T3,0990,NT_MA_LS_04_0990,MA,littorina_saxatilis,NT,,9.40,8.28,0.283,
4,T2,0997,HS_RI_LL_04_0997,RI,littorina_littorea,HS,,17.87,15.77,2.291,
4,T1,1000,CS_RI_LS_04_1000,RI,littorina_saxatilis,CS,,5.63,5.04,0.064,CS_RI_LS_03_0619
4,T2,1002,NT_MA_LO_04_1002,MA,littorina_obtusata,NT,,9.27,10.18,0.492,
4,T3,1003,HS_MA_LS_04_1003,MA,littorina_saxatilis,HS,,10.84,9.18,0.391,HS_MA_LS_03_1074
4,T2,1008,NT_MA_LL_04_1008,MA,littorina_littorea,NT,,12.35,10.27,0.634,
4,T2,1009,NT_RI_LS_04_1009,RI,littorina_saxatilis,NT,,8.48,7.36,0.199,
4,T2,1014,CS_RI_LS_04_1014,RI,littorina_saxatilis,CS,,5.14,4.20,0.040,CS_RI_LS_03_0457
4,T1,1020,HS_MA_LO_04_1020,MA,littorina_obtusata,HS,,4.75,4.24,0.057,
4,T2,1029,HS_MA_LS_04_1029,MA,littorina_saxatilis,HS,,6.89,6.07,0.094,HS_MA_LS_03_0515
4,T3,1031,NT_MA_LO_04_1031,MA,littorina_obtusata,NT,,9.08,10.53,0.433,
4,T3,1040,NT_RI_LS_04_1040,RI,littorina_saxatilis,NT,,5.59,4.39,0.053,
4,T2,1046,HS_RI_LS_04_1046,RI,littorina_saxatilis,HS,,8.21,7.65,0.156,
4,T3,1051,NT_RI_LO_04_1051,RI,littorina_obtusata,NT,,4.69,5.39,0.072,
4,T1,1053,CS_MA_LL_04_1053,MA,littorina_littorea,CS,,11.80,9.01,0.533,
4,T2,1057,CS_RI_LS_04_1057,RI,littorina_saxatilis,CS,,8.87,7.66,0.190,
4,T1,1066,NT_RI_LL_04_1066,RI,littorina_littorea,NT,,6.49,4.72,0.092,
4,T1,1071,HS_MA_LS_04_1071,MA,littorina_saxatilis,HS,,6.48,5.39,0.096,HS_MA_LS_05_0378
4,T3,1077,NT_MA_LL_04_1077,MA,littorina_littorea,NT,,10.14,8.92,0.388,
5,T3,0005,NT_MA_LL_05_0005,MA,littorina_littorea,NT,,,,,
5,T3,0013,NT_RI_LL_05_0013,RI,littorina_littorea,NT,,10.86,9.09,0.401,
5,T1,0027,CS_MA_LL_05_0027,MA,littorina_littorea,CS,,9.37,8.52,0.309,CS_MA_LL_03_0686
5,T1,0038,CS_MA_LS_05_0038,MA,littorina_saxatilis,CS,,8.86,7.73,0.227,
5,T2,0041,CS_RI_LL_05_0041,RI,littorina_littorea,CS,,12.61,10.46,0.697,
5,T1,0049,NT_MA_LS_05_0049,MA,littorina_saxatilis,NT,,6.29,5.53,0.081,NT_MA_LS_03_0401
5,T2,0056,CS_MA_LS_05_0056,MA,littorina_saxatilis,CS,,8.51,7.30,0.200,CS_MA_LS_01_0729
5,T2,0067,NT_MA_LL_05_0067,MA,littorina_littorea,NT,,,,,
5,T3,0071,HS_RI_LL_05_0071,RI,littorina_littorea,HS,,10.52,9.86,0.434,HS_RI_LL_02_0586
5,T1,0077,HS_RI_LL_05_0077,RI,littorina_littorea,HS,,14.89,13.05,1.350,HS_RI_LL_01_0474
5,T2,0088,CS_RI_LL_05_0088,RI,littorina_littorea,CS,,9.45,6.92,0.322,
5,T3,0091,HS_MA_LO_05_0091,MA,littorina_obtusata,HS,,,,,
5,T1,0097,NT_RI_LL_05_0097,RI,littorina_littorea,NT,,14.90,13.76,1.323,
5,T1,0102,CS_RI_LS_05_0102,RI,littorina_saxatilis,CS,,6.85,6.29,0.121,CS_RI_LS_03_1010
5,T1,0124,CS_RI_LL_05_0124,RI,littorina_littorea,CS,,12.96,11.26,0.900,
5,T3,0131,CS_RI_LO_05_0131,RI,littorina_obtusata,CS,,4.78,5.38,0.070,CS_RI_LO_02_0746
5,T1,0135,NT_RI_LL_05_0135,RI,littorina_littorea,NT,,10.32,9.25,0.386,
5,T1,0150,HS_RI_LO_05_0150,RI,littorina_obtusata,HS,,10.98,11.23,0.685,
5,T2,0154,NT_RI_LS_05_0154,RI,littorina_saxatilis,NT,,,,,
5,T1,0168,HS_RI_LL_05_0168,RI,littorina_littorea,HS,,16.05,14.64,1.601,HS_RI_LL_01_0790
5,T1,0170,HS_MA_LL_05_0170,MA,littorina_littorea,HS,,13.11,11.75,0.848,
5,T3,0172,CS_MA_LL_05_0172,MA,littorina_littorea,CS,,,,,
5,T3,0173,CS_RI_LS_05_0173,RI,littorina_saxatilis,CS,,8.32,7.27,0.149,CS_RI_LS_02_0273
5,T2,0177,HS_RI_LL_05_0177,RI,littorina_littorea,HS,,19.70,17.28,2.735,
5,T2,0185,HS_RI_LO_05_0185,RI,littorina_obtusata,HS,,10.84,11.18,0.663,HS_RI_LO_02_0792
5,T1,0186,HS_RI_LO_05_0186,RI,littorina_obtusata,HS,,6.03,6.76,0.146,HS_RI_LO_02_0963
5,T3,0213,CS_MA_LS_05_0213,MA,littorina_saxatilis,CS,,,,,
5,T2,0216,CS_MA_LO_05_0216,MA,littorina_obtusata,CS,,,,,
5,T1,0229,NT_RI_LS_05_0229,RI,littorina_saxatilis,NT,,9.93,8.77,0.388,NT_RI_LS_03_0272
5,T3,0232,HS_RI_LO_05_0232,RI,littorina_obtusata,HS,,8.88,10.36,0.444,HS_RI_LO_02_0500
5,T3,0246,NT_RI_LS_05_0246,RI,littorina_saxatilis,NT,,,,,
5,T2,0255,HS_MA_LL_05_0255,MA,littorina_littorea,HS,,,,,
5,T2,0262,NT_MA_LS_05_0262,MA,littorina_saxatilis,NT,,6.71,6.07,0.095,NT_MA_LS_01_0670
5,T2,0281,NT_RI_LS_05_0281,RI,littorina_saxatilis,NT,,,,,
5,T2,0282,HS_RI_LL_05_0282,RI,littorina_littorea,HS,,10.71,8.53,0.361,HS_RI_LL_02_1006
5,T2,0283,HS_MA_LL_05_0283,MA,littorina_littorea,HS,,,,,
5,T2,0288,CS_MA_LL_05_0288,MA,littorina_littorea,CS,,,,,
5,T3,0292,CS_RI_LS_05_0292,RI,littorina_saxatilis,CS,,10.28,7.41,0.314,
5,T1,0294,CS_MA_LO_05_0294,MA,littorina_obtusata,CS,,4.58,4.97,0.050,CS_MA_LO_03_0030
5,T1,0301,HS_RI_LO_05_0301,RI,littorina_obtusata,HS,,9.40,10.06,0.629,
5,T2,0305,NT_MA_LS_05_0305,MA,littorina_saxatilis,NT,,,,,
5,T2,0308,CS_RI_LS_05_0308,RI,littorina_saxatilis,CS,,6.41,5.58,0.073,CS_RI_LS_02_0011
5,T1,0318,CS_MA_LO_05_0318,MA,littorina_obtusata,CS,,7.14,7.46,0.204,CS_MA_LO_03_0220
5,T2,0319,HS_MA_LS_05_0319,MA,littorina_saxatilis,HS,,10.11,8.10,0.261,HS_MA_LS_01_0987
5,T1,0330,HS_RI_LS_05_0330,RI,littorina_saxatilis,HS,,5.17,4.19,0.037,HS_RI_LL_03_0770
5,T2,0337,NT_RI_LL_05_0337,RI,littorina_littorea,NT,,14.86,12.53,0.888,
5,T2,0340,CS_MA_LS_05_0340,MA,littorina_saxatilis,CS,,,,,
5,T1,0346,NT_RI_LO_05_0346,RI,littorina_obtusata,NT,,4.56,4.72,0.054,NT_RI_LO_03_0506
5,T3,0353,NT_RI_LO_05_0353,RI,littorina_obtusata,NT,,5.98,6.34,0.173,
5,T2,0358,CS_RI_LS_05_0358,RI,littorina_saxatilis,CS,,7.79,6.05,0.165,
5,T3,0360,NT_RI_LL_05_0360,RI,littorina_littorea,NT,,9.07,7.79,0.264,
5,T2,0373,CS_RI_LS_05_0373,RI,littorina_saxatilis,CS,,8.32,7.59,0.200,CS_RI_LS_02_0083
5,T1,0375,NT_RI_LL_05_0375,RI,littorina_littorea,NT,,10.10,9.00,0.420,NT_RI_LL_01_0207
5,T1,0378,HS_MA_LS_05_0378,MA,littorina_saxatilis,HS,,21.30,17.74,3.033,HS_MA_LS_03_0691
5,T1,0384,CS_MA_LO_05_0384,MA,littorina_obtusata,CS,,5.47,6.11,0.100,CS_MA_LO_03_0469
5,T3,0388,NT_RI_LS_05_0388,RI,littorina_saxatilis,NT,,,,,
5,T3,0393,NT_RI_LO_05_0393,RI,littorina_obtusata,NT,,,,,
5,T1,0395,NT_MA_LO_05_0395,MA,littorina_obtusata,NT,,10.38,10.39,0.526,NT_MA_LO_01_0667
5,T2,0425,CS_RI_LL_05_0425,RI,littorina_littorea,CS,,8.20,7.22,0.240,
5,T3,0437,CS_RI_LL_05_0437,RI,littorina_littorea,CS,,7.48,8.03,0.271,
5,T1,0441,NT_MA_LO_05_0441,MA,littorina_obtusata,NT,,10.67,10.32,0.469,NT_MA_LO_01_0583
5,T3,0444,CS_RI_LS_05_0444,RI,littorina_saxatilis,CS,,,,,
5,T3,0449,NT_MA_LO_05_0449,MA,littorina_obtusata,NT,,,,,
5,T1,0454,HS_MA_LL_05_0454,MA,littorina_littorea,HS,,12.73,11.15,0.773,
5,T1,0459,CS_MA_LO_05_0459,MA,littorina_obtusata,CS,,9.45,9.89,0.410,CS_MA_LO_03_0863
5,T1,0460,CS_RI_LS_05_0460,RI,littorina_saxatilis,CS,,9.29,8.30,0.235,CS_RI_LS_03_0417
5,T1,0466,CS_MA_LL_05_0466,MA,littorina_littorea,CS,,8.36,7.38,0.212,
5,T1,0483,CS_RI_LO_05_0483,RI,littorina_obtusata,CS,,4.31,4.80,0.051,CS_RI_LO_01_0002
5,T3,0487,NT_MA_LS_05_0487,MA,littorina_saxatilis,NT,,,,,
5,T2,0491,HS_RI_LS_05_0491,RI,littorina_saxatilis,HS,,,,,
5,T1,0492,HS_MA_LL_05_0492,MA,littorina_littorea,HS,,10.14,9.05,0.388,
5,T1,0496,CS_RI_LL_05_0496,RI,littorina_littorea,CS,,8.26,7.52,0.218,
5,T3,0517,CS_MA_LO_05_0517,MA,littorina_obtusata,CS,,6.93,7.10,0.147,CS_MA_LO_01_0835
5,T3,0518,CS_RI_LO_05_0518,RI,littorina_obtusata,CS,,9.74,10.09,0.806,
5,T3,0531,NT_RI_LS_05_0531,RI,littorina_saxatilis,NT,,8.84,7.92,0.215,NT_RI_LS_02_0578
5,T2,0536,HS_RI_LS_05_0536,RI,littorina_saxatilis,HS,,9.13,8.33,0.193,HS_RI_LS_02_0235
5,T3,0541,HS_MA_LL_05_0541,MA,littorina_littorea,HS,,,,,
5,T3,0544,HS_RI_LO_05_0544,RI,littorina_obtusata,HS,,,,,
5,T1,0549,HS_RI_LO_05_0549,RI,littorina_obtusata,HS,,9.88,11.54,0.636,HS_RI_LO_03_0629
5,T1,0554,CS_RI_LO_05_0554,RI,littorina_obtusata,CS,,4.85,5.15,0.062,CS_RI_LO_03_0123
5,T1,0555,HS_RI_LS_05_0555,RI,littorina_saxatilis,HS,,8.28,6.90,0.134,HS_RI_LS_03_0747
5,T3,0563,HS_MA_LO_05_0563,MA,littorina_obtusata,HS,,,,,
5,T3,0570,CS_RI_LO_05_0570,RI,littorina_obtusata,CS,,,,,
5,T1,0575,NT_RI_LO_05_0575,RI,littorina_obtusata,NT,,10.27,11.23,0.599,NT_RI_LO_03_0209
5,T3,0579,HS_MA_LO_05_0579,MA,littorina_obtusata,HS,,,,,
5,T1,0580,HS_RI_LL_05_0580,RI,littorina_littorea,HS,,10.76,9.24,0.426,HS_RI_LL_01_0514
5,T2,0582,NT_RI_LO_05_0582,RI,littorina_obtusata,NT,,,,,
5,T2,0584,HS_RI_LL_05_0584,RI,littorina_littorea,HS,,10.14,8.43,0.383,HS_RI_LL_01_0718
5,T3,0585,NT_RI_LL_05_0585,RI,littorina_littorea,NT,,13.11,12.28,0.853,NT_RI_LL_02_0849
5,T3,0589,NT_RI_LO_05_0589,RI,littorina_obtusata,NT,,7.90,10.95,0.545,
5,T3,0592,NT_MA_LS_05_0592,MA,littorina_saxatilis,NT,,,,,
5,T3,0593,HS_MA_LS_05_0593,MA,littorina_saxatilis,HS,,8.10,6.66,0.153,HS_MA_LS_02_0033
5,T3,0602,CS_RI_LO_05_0602,RI,littorina_obtusata,CS,,5.64,5.94,0.110,CS_RI_LO_02_0943
5,T3,0612,NT_MA_LS_05_0612,MA,littorina_saxatilis,NT,,4.84,4.37,0.036,NT_MA_LS_01_0950
5,T3,0615,NT_RI_LS_05_0615,RI,littorina_saxatilis,NT,,7.59,6.45,0.106,NT_RI_LS_02_0379
5,T2,0617,HS_MA_LO_05_0617,MA,littorina_obtusata,HS,,,,,
5,T3,0631,HS_MA_LS_05_0631,MA,littorina_saxatilis,HS,,,,,
5,T1,0633,NT_RI_LL_05_0633,RI,littorina_littorea,NT,,9.78,8.14,0.302,
5,T1,0645,HS_RI_LS_05_0645,RI,littorina_saxatilis,HS,,11.32,9.12,0.343,HS_RI_LS_03_0537
5,T3,0653,HS_MA_LS_05_0653,MA,littorina_saxatilis,HS,,,,,
5,T3,0654,NT_MA_LS_05_0654,MA,littorina_saxatilis,NT,,,,,
5,T3,0659,NT_MA_LL_05_0659,MA,littorina_littorea,NT,,,,,
5,T2,0664,HS_MA_LL_05_0664,MA,littorina_littorea,HS,,,,,
5,T3,0675,NT_RI_LL_05_0675,RI,littorina_littorea,NT,,11.27,10.21,0.555,
5,T3,0679,CS_RI_LL_05_0679,RI,littorina_littorea,CS,,8.61,7.77,0.196,
5,T1,0685,CS_RI_LL_05_0685,RI,littorina_littorea,CS,,9.60,8.42,0.292,
5,T1,0702,NT_MA_LO_05_0702,MA,littorina_obtusata,NT,,6.16,6.56,0.133,NT_MA_LO_01_0957
5,T3,0709,CS_RI_LO_05_0709,RI,littorina_obtusata,CS,,9.57,9.39,0.832,CS_RI_LO_02_0128
5,T3,0712,CS_MA_LO_05_0712,MA,littorina_obtusata,CS,,,,,
5,T3,0717,HS_RI_LO_05_0717,RI,littorina_obtusata,HS,,,,,
5,T1,0722,NT_RI_LS_05_0722,RI,littorina_saxatilis,NT,,8.81,8.43,0.238,
5,T2,0725,NT_MA_LS_05_0725,MA,littorina_saxatilis,NT,,9.79,8.82,0.318,NT_MA_LS_01_0552
5,T3,0739,HS_MA_LL_05_0739,MA,littorina_littorea,HS,,,,,
5,T3,0744,CS_MA_LO_05_0744,MA,littorina_obtusata,CS,,,,,
5,T2,0750,NT_RI_LL_05_0750,RI,littorina_littorea,NT,,14.37,12.61,1.072,
5,T1,0754,HS_MA_LO_05_0754,MA,littorina_obtusata,HS,,9.28,10.13,0.396,
5,T2,0755,HS_RI_LL_05_0755,RI,littorina_littorea,HS,,3.85,2.58,0.020,
5,T3,0769,CS_MA_LS_05_0769,MA,littorina_saxatilis,CS,,7.92,6.61,0.139,CS_MA_LS_01_0766
5,T3,0780,NT_MA_LL_05_0780,MA,littorina_littorea,NT,,,,,
5,T1,0783,NT_MA_LL_05_0783,MA,littorina_littorea,NT,,10.38,9.54,0.450,
5,T1,0786,HS_MA_LS_05_0786,MA,littorina_saxatilis,HS,,7.60,7.46,0.140,
5,T2,0788,CS_MA_LL_05_0788,MA,littorina_littorea,CS,,,,,
5,T2,0793,NT_MA_LO_05_0793,MA,littorina_obtusata,NT,,,,,
5,T2,0795,CS_MA_LL_05_0795,MA,littorina_littorea,CS,,,,,
5,T3,0796,HS_MA_LO_05_0796,MA,littorina_obtusata,HS,,5.01,6.12,0.088,HS_MA_LO_01_0192
5,T2,0804,HS_RI_LO_05_0804,RI,littorina_obtusata,HS,,3.10,4.04,0.044,HS_RI_LO_02_0727
5,T3,0805,NT_RI_LO_05_0805,RI,littorina_obtusata,NT,,,,,
5,T2,0817,NT_MA_LS_05_0817,MA,littorina_saxatilis,NT,,7.60,5.10,0.136,
5,T2,0818,CS_MA_LS_05_0818,MA,littorina_saxatilis,CS,,5.10,4.38,0.040,CS_MA_LS_01_1047
5,T2,0821,CS_MA_LL_05_0821,MA,littorina_littorea,CS,,,,,
5,T2,0828,CS_MA_LS_05_0828,MA,littorina_saxatilis,CS,,7.48,6.60,0.120,CS_MA_LS_02_0297
5,T1,0829,HS_MA_LL_05_0829,MA,littorina_littorea,HS,,10.92,9.51,0.438,
5,T2,0831,NT_RI_LS_05_0831,RI,littorina_saxatilis,NT,,,,,
5,T2,0840,HS_MA_LS_05_0840,MA,littorina_saxatilis,HS,,,,,
5,T3,0844,HS_MA_LO_05_0844,MA,littorina_obtusata,HS,,7.91,8.70,0.240,HS_MA_LO_01_0361
5,T1,0850,CS_MA_LS_05_0850,MA,littorina_saxatilis,CS,,16.34,13.18,1.382,CS_MA_LS_03_0954
5,T2,0854,NT_RI_LS_05_0854,RI,littorina_saxatilis,NT,,11.47,9.47,0.375,NT_RI_LS_01_0906
5,T1,0865,NT_MA_LL_05_0865,MA,littorina_littorea,NT,,11.56,9.51,0.519,
5,T2,0868,CS_RI_LL_05_0868,RI,littorina_littorea,CS,,12.35,10.86,0.671,CS_RI_LL_02_0883
5,T2,0870,HS_MA_LO_05_0870,MA,littorina_obtusata,HS,,4.86,5.21,0.072,HS_MA_LO_01_0162
5,T3,0874,HS_RI_LS_05_0874,RI,littorina_saxatilis,HS,,,,,
5,T1,0878,CS_MA_LS_05_0878,MA,littorina_saxatilis,CS,,11.25,9.48,0.420,CS_MA_LS_03_0180
5,T2,0879,HS_RI_LS_05_0879,RI,littorina_saxatilis,HS,,,,,
5,T2,0891,CS_RI_LS_05_0891,RI,littorina_saxatilis,CS,,8.24,6.99,0.194,CS_RI_LS_01_0701
5,T2,0900,NT_MA_LL_05_0900,MA,littorina_littorea,NT,,,,,
5,T3,0905,NT_MA_LO_05_0905,MA,littorina_obtusata,NT,,8.38,9.27,0.319,NT_MA_LO_02_1075
5,T1,0908,NT_RI_LO_05_0908,RI,littorina_obtusata,NT,,4.79,5.63,0.071,
5,T1,0918,CS_RI_LL_05_0918,RI,littorina_littorea,CS,,11.20,10.40,0.474,CS_RI_LL_01_1030
5,T1,0926,HS_RI_LO_05_0926,RI,littorina_obtusata,HS,,5.56,6.24,0.121,
5,T1,0928,HS_MA_LO_05_0928,MA,littorina_obtusata,HS,,7.25,7.54,0.222,HS_MA_LO_03_0880
5,T2,0929,CS_RI_LO_05_0929,RI,littorina_obtusata,CS,,,,,
5,T1,0934,HS_MA_LL_05_0934,MA,littorina_littorea,HS,,12.30,10.68,0.698,
5,T3,0945,NT_MA_LO_05_0945,MA,littorina_obtusata,NT,,,,,
5,T3,0947,NT_RI_LO_05_0947,RI,littorina_obtusata,NT,,4.38,4.82,0.077,NT_RI_LO_02_0756
5,T2,0955,NT_MA_LL_05_0955,MA,littorina_littorea,NT,,,,,
5,T3,0962,HS_RI_LS_05_0962,RI,littorina_saxatilis,HS,,,,,
5,T1,0967,CS_MA_LL_05_0967,MA,littorina_littorea,CS,,7.66,6.50,0.148,
5,T3,0970,CS_MA_LL_05_0970,MA,littorina_littorea,CS,,,,,
5,T2,0975,HS_MA_LO_05_0975,MA,littorina_obtusata,HS,,8.61,9.19,0.301,HS_MA_LO_03_0142
5,T3,0979,NT_RI_LO_05_0979,RI,littorina_obtusata,NT,,10.29,11.19,0.631,NT_RI_LO_02_0663
5,T2,0985,HS_MA_LS_05_0985,MA,littorina_saxatilis,HS,,12.11,10.08,0.519,HS_MA_LS_01_0814
5,T2,0992,HS_MA_LS_05_0992,MA,littorina_saxatilis,HS,,6.40,5.78,0.077,HS_MA_LS_02_0713
5,T3,0999,CS_RI_LO_05_0999,RI,littorina_obtusata,CS,,,,,
5,T1,1001,HS_MA_LS_05_1001,MA,littorina_saxatilis,HS,,7.03,6.55,0.120,HS_MA_LS_01_0616
5,T2,1007,CS_MA_LS_05_1007,MA,littorina_saxatilis,CS,,,,,
5,T2,1015,NT_MA_LL_05_1015,MA,littorina_littorea,NT,,,,,
5,T2,1018,HS_RI_LS_05_1018,RI,littorina_saxatilis,HS,,8.92,7.63,0.192,HS_RI_LS_01_0376
5,T2,1024,NT_MA_LO_05_1024,MA,littorina_obtusata,NT,,6.62,7.02,0.149,NT_MA_LO_02_0210
5,T2,1025,CS_MA_LL_05_1025,MA,littorina_littorea,CS,,9.46,7.33,0.267,
5,T1,1027,CS_RI_LO_05_1027,RI,littorina_obtusata,CS,,5.05,5.44,0.074,CS_RI_LO_01_0628
5,T3,1028,HS_RI_LL_05_1028,RI,littorina_littorea,HS,,10.42,9.09,0.376,HS_RI_LL_02_0304
5,T2,1034,CS_MA_LO_05_1034,MA,littorina_obtusata,CS,,6.17,6.47,0.120,CS_MA_LO_01_0094
5,T2,1035,NT_MA_LL_05_1035,MA,littorina_littorea,NT,,,,,
5,T2,1036,HS_RI_LS_05_1036,RI,littorina_saxatilis,HS,,7.36,5.99,0.123,HS_RI_LS_01_0856
5,T1,1068,NT_MA_LS_05_1068,MA,littorina_saxatilis,NT,,7.72,6.520,0.138,NT_MA_LS_03_0989
5,T1,1070,NT_MA_LO_05_1070,MA,littorina_obtusata,NT,,5.08,5.49,0.078,NT_MA_LO_03_0656
5,T1,1078,CS_RI_LS_05_1078,RI,littorina_saxatilis,CS,,8.19,6.69,0.118,CS_RI_LS_01_0328
5,T3,1079,CS_MA_LO_05_1079,MA,littorina_obtusata,CS,,,,,
6,T1,0007,HS_MA_LS_06_0007,MA,littorina_saxatilis,HS,,8.89,7.77,0.213,HS_MA_LS_02_0368
6,T2,0016,CS_MA_LL_06_0016,MA,littorina_littorea,CS,,,,,
6,T1,0017,CS_MA_LO_06_0017,MA,littorina_obtusata,CS,,5.40,6.07,0.101,CS_MA_LO_02_0559
6,T3,0019,NT_MA_LO_06_0019,MA,littorina_obtusata,NT,,,,,
6,T3,0026,HS_MA_LL_06_0026,MA,littorina_littorea,HS,,,,,
6,T1,0031,NT_RI_LO_06_0031,RI,littorina_obtusata,NT,,,,,
6,T3,0035,NT_RI_LO_06_0035,RI,littorina_obtusata,NT,,3.93,4.24,0.044,
6,T3,0037,NT_MA_LO_06_0037,MA,littorina_obtusata,NT,,,,,
6,T1,0054,NT_RI_LO_06_0054,RI,littorina_obtusata,NT,,5.60,6.47,0.113,
6,T1,0055,CS_MA_LO_06_0055,MA,littorina_obtusata,CS,,3.73,4.05,0.034,CS_MA_LO_02_0748
6,T3,0058,CS_RI_LL_06_0058,RI,littorina_littorea,CS,,20.58,17.61,3.280,
6,T1,0066,HS_RI_LS_06_0066,RI,littorina_saxatilis,HS,,,,,
6,T3,0068,NT_RI_LS_06_0068,RI,littorina_saxatilis,NT,,4.68,4.23,0.040,NT_RI_LS_02_0938
6,T3,0070,HS_RI_LS_06_0070,RI,littorina_saxatilis,HS,,11.61,9.11,0.404,HS_RI_LS_02_0050
6,T1,0075,CS_MA_LL_06_0075,MA,littorina_littorea,CS,,,,,
6,T1,0079,CS_RI_LO_06_0079,RI,littorina_obtusata,CS,,10.20,11.04,0.640,
6,T3,0099,NT_MA_LO_06_0099,MA,littorina_obtusata,NT,,8.46,9.23,0.299,NT_MA_LO_02_0903
6,T3,0101,HS_RI_LS_06_0101,RI,littorina_saxatilis,HS,,7.56,6.78,0.130,HS_RI_LS_02_0935
6,T3,0103,HS_RI_LS_06_0103,RI,littorina_saxatilis,HS,,8.08,7.15,0.150,HS_RI_LS_02_0794
6,T2,0112,HS_RI_LL_06_0112,RI,littorina_littorea,HS,,6.61,5.03,0.086,
6,T2,0115,NT_RI_LS_06_0115,RI,littorina_saxatilis,NT,,8.27,6.57,0.145,NT_RI_LS_02_0694
6,T3,0117,NT_MA_LO_06_0117,MA,littorina_obtusata,NT,,,,,
6,T2,0122,CS_RI_LS_06_0122,RI,littorina_saxatilis,CS,,,,,
6,T2,0133,CS_RI_LS_06_0133,RI,littorina_saxatilis,CS,,9.60,7.52,0.203,CS_RI_LS_02_0065
6,T3,0141,HS_MA_LS_06_0141,MA,littorina_saxatilis,HS,,,,,
6,T1,0151,NT_RI_LL_06_0151,RI,littorina_littorea,NT,,10.96,9.71,0.517,
6,T2,0158,HS_RI_LL_06_0158,RI,littorina_littorea,HS,,9.75,7.90,0.299,
6,T1,0163,CS_RI_LL_06_0163,RI,littorina_littorea,CS,,5.56,4.83,0.057,
6,T3,0166,NT_RI_LO_06_0166,RI,littorina_obtusata,NT,,,,,
6,T3,0171,HS_MA_LL_06_0171,MA,littorina_littorea,HS,,,,,
6,T1,0183,CS_RI_LO_06_0183,RI,littorina_obtusata,CS,,,,,
6,T2,0190,NT_MA_LS_06_0190,MA,littorina_saxatilis,NT,,,,,
6,T3,0200,CS_RI_LL_06_0200,RI,littorina_littorea,CS,,6.84,5.96,0.094,
6,T3,0208,HS_MA_LL_06_0208,MA,littorina_littorea,HS,,,,,
6,T1,0211,CS_MA_LO_06_0211,MA,littorina_obtusata,CS,,9.11,9.91,0.418,CS_MA_LO_02_0020
6,T2,0212,NT_RI_LS_06_0212,RI,littorina_saxatilis,NT,,8.72,6.71,0.222,
6,T3,0214,CS_MA_LO_06_0214,MA,littorina_obtusata,CS,,,,,
6,T2,0221,CS_MA_LS_06_0221,MA,littorina_saxatilis,CS,,,,,
6,T1,0234,NT_RI_LL_06_0234,RI,littorina_littorea,NT,,11.20,10.00,0.511,
6,T3,0236,NT_MA_LL_06_0236,MA,littorina_littorea,NT,,,,,
6,T2,0242,NT_MA_LS_06_0242,MA,littorina_saxatilis,NT,,,,,
6,T3,0245,HS_MA_LS_06_0245,MA,littorina_saxatilis,HS,,6.41,4.85,0.090,HS_MA_LS_02_0169
6,T2,0247,CS_RI_LO_06_0247,RI,littorina_obtusata,CS,,9.53,10.74,0.664,
6,T1,0256,HS_RI_LO_06_0256,RI,littorina_obtusata,HS,,9.04,10.80,0.752,
6,T1,0258,CS_RI_LL_06_0258,RI,littorina_littorea,CS,,13.25,11.91,0.959,
6,T2,0264,HS_RI_LL_06_0264,RI,littorina_littorea,HS,,14.75,13.15,1.371,
6,T3,0266,NT_RI_LL_06_0266,RI,littorina_littorea,NT,,7.48,6.22,0.129,
6,T3,0268,NT_MA_LL_06_0268,MA,littorina_littorea,NT,,,,,
6,T3,0269,CS_RI_LS_06_0269,RI,littorina_saxatilis,CS,,9.28,6.96,0.232,
6,T1,0270,HS_MA_LS_06_0270,MA,littorina_saxatilis,HS,,,,,
6,T2,0271,NT_RI_LL_06_0271,RI,littorina_littorea,NT,,6.47,4.10,0.087,
6,T1,0276,CS_RI_LS_06_0276,RI,littorina_saxatilis,CS,,7.31,6.64,0.152,
6,T1,0286,CS_RI_LL_06_0286,RI,littorina_littorea,CS,,17.52,14.92,2.961,
6,T1,0291,HS_RI_LL_06_0291,RI,littorina_littorea,HS,,5.41,5.65,0.083,
6,T2,0296,NT_MA_LS_06_0296,MA,littorina_saxatilis,NT,,,,,
6,T3,0307,NT_RI_LL_06_0307,RI,littorina_littorea,NT,,13.21,10.90,0.795,
6,T2,0314,CS_MA_LO_06_0314,MA,littorina_obtusata,CS,,7.80,8.97,0.283,CS_MA_LO_02_0451
6,T1,0320,CS_MA_LO_06_0320,MA,littorina_obtusata,CS,,,,,
6,T2,0321,HS_RI_LO_06_0321,RI,littorina_obtusata,HS,,,,,
6,T1,0322,HS_MA_LL_06_0322,MA,littorina_littorea,HS,,,,,
6,T3,0324,NT_MA_LS_06_0324,MA,littorina_saxatilis,NT,,3.87,3.83,0.022,NT_MA_LS_02_0072
6,T3,0349,NT_MA_LS_06_0349,MA,littorina_saxatilis,NT,,14.07,11.33,0.752,NT_MA_LS_02_0404
6,T3,0351,HS_RI_LO_06_0351,RI,littorina_obtusata,HS,,12.04,10.19,0.868,
6,T3,0359,NT_MA_LL_06_0359,MA,littorina_littorea,NT,,,,,
6,T2,0363,CS_MA_LL_06_0363,MA,littorina_littorea,CS,,,,,
6,T1,0364,HS_MA_LO_06_0364,MA,littorina_obtusata,HS,,8.38,8.44,0.275,HS_MA_LO_02_0085
6,T3,0371,CS_RI_LS_06_0371,RI,littorina_saxatilis,CS,,,,,
6,T1,0385,NT_RI_LL_06_0385,RI,littorina_littorea,NT,,11.11,9.50,0.505,
6,T1,0392,NT_MA_LS_06_0392,MA,littorina_saxatilis,NT,,8.14,7.29,0.159,NT_MA_LS_02_0558
6,T3,0396,HS_MA_LS_06_0396,MA,littorina_saxatilis,HS,,,,,
6,T2,0402,CS_MA_LL_06_0402,MA,littorina_littorea,CS,,,,,
6,T2,0403,HS_MA_LO_06_0403,MA,littorina_obtusata,HS,,,,,
6,T1,0407,NT_MA_LL_06_0407,MA,littorina_littorea,NT,,,,,
6,T2,0408,CS_RI_LO_06_0408,RI,littorina_obtusata,CS,,10.65,10.43,0.596,
6,T1,0412,HS_RI_LO_06_0412,RI,littorina_obtusata,HS,,,,,
6,T3,0421,CS_MA_LL_06_0421,MA,littorina_littorea,CS,,,,,
6,T1,0426,NT_MA_LO_06_0426,MA,littorina_obtusata,NT,,,,,
6,T2,0435,NT_RI_LS_06_0435,RI,littorina_saxatilis,NT,,10.82,7.69,0.410,
6,T1,0446,NT_MA_LL_06_0446,MA,littorina_littorea,NT,,,,,
6,T1,0458,HS_MA_LS_06_0458,MA,littorina_saxatilis,HS,,,,,
6,T1,0461,NT_RI_LL_06_0461,RI,littorina_littorea,NT,,10.28,9.42,0.469,
6,T2,0465,CS_MA_LS_06_0465,MA,littorina_saxatilis,CS,,,,,
6,T1,0467,CS_MA_LL_06_0467,MA,littorina_littorea,CS,,,,,
6,T3,0475,NT_MA_LS_06_0475,MA,littorina_saxatilis,NT,,,,,
6,T2,0486,CS_RI_LO_06_0486,RI,littorina_obtusata,CS,,7.98,9.35,0.509,
6,T3,0493,NT_MA_LL_06_0493,MA,littorina_littorea,NT,,,,,
6,T2,0511,HS_RI_LO_06_0511,RI,littorina_obtusata,HS,,6.79,8.25,0.390,
6,T3,0522,CS_RI_LO_06_0522,RI,littorina_obtusata,CS,,,,,
6,T2,0525,NT_MA_LS_06_0525,MA,littorina_saxatilis,NT,,,,,
6,T3,0528,NT_RI_LO_06_0528,RI,littorina_obtusata,NT,,6.01,6.26,0.128,
6,T1,0529,CS_RI_LS_06_0529,RI,littorina_saxatilis,CS,,7.27,6.49,0.110,CS_RI_LS_02_0652
6,T3,0534,CS_MA_LS_06_0534,MA,littorina_saxatilis,CS,,,,,
6,T2,0553,HS_RI_LS_06_0553,RI,littorina_saxatilis,HS,,7.06,6.20,0.104,HS_RI_LS_02_0941
6,T1,0561,CS_RI_LL_06_0561,RI,littorina_littorea,CS,,7.58,6.07,0.145,
6,T3,0565,HS_MA_LO_06_0565,MA,littorina_obtusata,HS,,6.60,7.31,0.169,HS_MA_LO_02_0533
6,T2,0566,HS_MA_LS_06_0566,MA,littorina_saxatilis,HS,,,,,
6,T1,0567,CS_RI_LL_06_0567,RI,littorina_littorea,CS,,10.50,8.93,0.393,
6,T1,0571,CS_MA_LO_06_0571,MA,littorina_obtusata,CS,,9.32,10.29,0.417,CS_MA_LO_02_0886
6,T2,0572,NT_RI_LO_06_0572,RI,littorina_obtusata,NT,,10.17,8.16,0.545,
6,T2,0574,CS_MA_LS_06_0574,MA,littorina_saxatilis,CS,,,,,
6,T1,0581,CS_MA_LL_06_0581,MA,littorina_littorea,CS,,,,,
6,T3,0588,CS_MA_LS_06_0588,MA,littorina_saxatilis,CS,,,,,
6,T2,0600,CS_MA_LS_06_0600,MA,littorina_saxatilis,CS,,,,,
6,T1,0603,HS_RI_LS_06_0603,RI,littorina_saxatilis,HS,,7.84,5.92,0.151,
6,T2,0606,NT_MA_LL_06_0606,MA,littorina_littorea,NT,,,,,
6,T2,0608,NT_MA_LS_06_0608,MA,littorina_saxatilis,NT,,5.98,5.04,0.065,NT_MA_LS_01_0724
6,T2,0610,HS_MA_LO_06_0610,MA,littorina_obtusata,HS,,,,,
6,T1,0613,CS_RI_LO_06_0613,RI,littorina_obtusata,CS,,3.08,3.64,0.024,
6,T3,0623,NT_MA_LL_06_0623,MA,littorina_littorea,NT,,,,,
6,T1,0625,HS_MA_LL_06_0625,MA,littorina_littorea,HS,,,,,
6,T1,0627,NT_RI_LL_06_0627,RI,littorina_littorea,NT,,12.21,10.94,0.600,
6,T1,0632,CS_RI_LL_06_0632,RI,littorina_littorea,CS,,10.62,9.16,0.414,
6,T3,0638,HS_RI_LS_06_0638,RI,littorina_saxatilis,HS,,9.18,7.95,0.270,HS_RI_LS_02_0022
6,T3,0643,CS_RI_LO_06_0643,RI,littorina_obtusata,CS,,4.08,4.62,0.093,
6,T2,0644,NT_RI_LS_06_0644,RI,littorina_saxatilis,NT,,,,,
6,T3,0651,HS_RI_LL_06_0651,RI,littorina_littorea,HS,,5.74,4.55,0.063,
6,T2,0671,CS_MA_LO_06_0671,MA,littorina_obtusata,CS,,5.03,5.35,0.066,CS_MA_LO_02_0254
6,T3,0674,NT_MA_LO_06_0674,MA,littorina_obtusata,NT,,8.41,9.46,0.358,NT_MA_LO_02_0309
6,T1,0680,HS_RI_LL_06_0680,RI,littorina_littorea,HS,,10.56,9.48,0.403,
6,T2,0681,CS_MA_LS_06_0681,MA,littorina_saxatilis,CS,,8.24,7.38,0.172,CS_MA_LS_02_0478
6,T3,0682,HS_RI_LO_06_0682,RI,littorina_obtusata,HS,,,,,
6,T3,0688,NT_RI_LS_06_0688,RI,littorina_saxatilis,NT,,,,,
6,T2,0689,CS_MA_LS_06_0689,MA,littorina_saxatilis,CS,,,,,
6,T3,0693,NT_RI_LO_06_0693,RI,littorina_obtusata,NT,,,,,
6,T3,0695,HS_MA_LL_06_0695,MA,littorina_littorea,HS,,,,,
6,T2,0700,NT_RI_LO_06_0700,RI,littorina_obtusata,NT,,5.09,6.28,0.096,
6,T1,0706,NT_MA_LL_06_0706,MA,littorina_littorea,NT,,,,,
6,T2,0711,NT_RI_LL_06_0711,RI,littorina_littorea,NT,,10.91,8.68,0.466,
6,T3,0715,HS_MA_LL_06_0715,MA,littorina_littorea,HS,,,,,
6,T2,0719,HS_RI_LS_06_0719,RI,littorina_saxatilis,HS,,10.43,8.71,0.305,HS_RI_LS_02_0153
6,T3,0731,HS_MA_LS_06_0731,MA,littorina_saxatilis,HS,,8.13,7.37,0.167,HS_MA_LS_02_0489
6,T2,0733,NT_MA_LO_06_0733,MA,littorina_obtusata,NT,,,,,
6,T3,0737,HS_RI_LS_06_0737,RI,littorina_saxatilis,HS,,,,,
6,T1,0740,CS_MA_LS_06_0740,MA,littorina_saxatilis,CS,,6.49,6.01,0.108,CS_MA_LS_02_0230
6,T3,0741,HS_RI_LO_06_0741,RI,littorina_obtusata,HS,,,,,
6,T2,0764,HS_MA_LO_06_0764,MA,littorina_obtusata,HS,,10.57,11.78,0.582,HS_MA_LO_02_0275
6,T1,0775,HS_MA_LS_06_0775,MA,littorina_saxatilis,HS,,,,,
6,T1,0776,HS_RI_LS_06_0776,RI,littorina_saxatilis,HS,,5.98,4.79,0.062,
6,T2,0777,HS_MA_LO_06_0777,MA,littorina_obtusata,HS,,,,,
6,T3,0781,NT_MA_LS_06_0781,MA,littorina_saxatilis,NT,,,,,
6,T2,0784,HS_RI_LO_06_0784,RI,littorina_obtusata,HS,,9.78,11.17,0.604,
6,T2,0791,CS_RI_LS_06_0791,RI,littorina_saxatilis,CS,,,,,
6,T2,0799,NT_RI_LO_06_0799,RI,littorina_obtusata,NT,,,,,
6,T3,0801,HS_RI_LL_06_0801,RI,littorina_littorea,HS,,17.44,15.59,2.034,
6,T1,0803,CS_RI_LO_06_0803,RI,littorina_obtusata,CS,,,,,
6,T1,0806,NT_MA_LL_06_0806,MA,littorina_littorea,NT,,,,,
6,T1,0808,NT_RI_LS_06_0808,RI,littorina_saxatilis,NT,,7.40,5.61,0.146,
6,T1,0830,CS_MA_LO_06_0830,MA,littorina_obtusata,CS,,,,,
6,T2,0833,HS_RI_LO_06_0833,RI,littorina_obtusata,HS,,,,,
6,T3,0838,NT_MA_LO_06_0838,MA,littorina_obtusata,NT,,7.40,7.68,0.211,NT_MA_LO_02_0726
6,T1,0841,CS_MA_LS_06_0841,MA,littorina_saxatilis,CS,,,,,
6,T3,0843,CS_MA_LO_06_0843,MA,littorina_obtusata,CS,,8.89,9.13,0.313,CS_MA_LO_02_0447
6,T3,0847,CS_RI_LL_06_0847,RI,littorina_littorea,CS,,8.41,7.07,0.156,
6,T1,0864,CS_RI_LS_06_0864,RI,littorina_saxatilis,CS,,,,,
6,T2,0869,HS_MA_LO_06_0869,MA,littorina_obtusata,HS,,,,,
6,T1,0894,HS_MA_LL_06_0894,MA,littorina_littorea,HS,,,,,
6,T2,0896,HS_RI_LS_06_0896,RI,littorina_saxatilis,HS,,,,,
6,T2,0914,CS_RI_LL_06_0914,RI,littorina_littorea,CS,,4.11,3.38,0.030,
6,T1,0917,CS_MA_LL_06_0917,MA,littorina_littorea,CS,,,,,
6,T2,0919,HS_MA_LL_06_0919,MA,littorina_littorea,HS,,,,,
6,T1,0921,CS_RI_LO_06_0921,RI,littorina_obtusata,CS,,,,,
6,T3,0925,HS_RI_LS_06_0925,RI,littorina_saxatilis,HS,,7.17,5.66,0.112,
6,T1,0951,HS_RI_LL_06_0951,RI,littorina_littorea,HS,,19.66,17.59,2.851,
6,T1,0956,CS_MA_LL_06_0956,MA,littorina_littorea,CS,,,,,
6,T2,0960,CS_MA_LO_06_0960,MA,littorina_obtusata,CS,,8.11,9.38,0.302,CS_MA_LO_02_0279
6,T2,0968,NT_RI_LO_06_0968,RI,littorina_obtusata,NT,,7.85,9.10,0.383,
6,T3,0973,HS_MA_LL_06_0973,MA,littorina_littorea,HS,,,,,
6,T3,0974,HS_RI_LO_06_0974,RI,littorina_obtusata,HS,,5.32,6.19,0.128,
6,T2,0996,NT_RI_LS_06_0996,RI,littorina_saxatilis,NT,,5.98,5.33,0.063,NT_RI_LS_02_0858
6,T1,0998,HS_MA_LO_06_0998,MA,littorina_obtusata,HS,,9.05,9.51,0.338,HS_MA_LO_02_0647
6,T2,1023,NT_RI_LS_06_1023,RI,littorina_saxatilis,NT,,6.06,5.15,0.073,NT_RI_LS_02_0471
6,T2,1037,NT_RI_LL_06_1037,RI,littorina_littorea,NT,,,,,
6,T2,1038,CS_MA_LO_06_1038,MA,littorina_obtusata,CS,,5.22,5.87,0.090,CS_MA_LO_02_0003
6,T1,1039,NT_MA_LO_06_1039,MA,littorina_obtusata,NT,,,,,
6,T2,1045,HS_MA_LS_06_1045,MA,littorina_saxatilis,HS,,,,,
6,T3,1052,CS_MA_LL_06_1052,MA,littorina_littorea,CS,,,,,
6,T2,1055,NT_MA_LO_06_1055,MA,littorina_obtusata,NT,,,,,
6,T2,1058,HS_RI_LL_06_1058,RI,littorina_littorea,HS,,11.71,11.14,0.730,HS_RI_LL_02_0157
6,T3,1060,HS_RI_LS_06_1060,RI,littorina_saxatilis,HS,,7.91,6.64,0.112,HS_RI_LS_02_1050
6,T1,1080,HS_RI_LS_06_1080,RI,littorina_saxatilis,HS,,,,,