Block,SeaTable,SampleN,SampleID,PopID,Genus_Species,Trt,PreTrtMortNotes,ShellHeight,ShellWidth,WetWeight,TrtDay1_Survived,TrtDay2_Survived,Day2_Survived,TrtDay3_Survived,ResponseScore,TissueCollected,TissueCol_Time,TissueCol_Order,TissueNotes
1,T2,0002,CS_RI_LO_01_0002,RI,littorina_obtusata,CS,dead,10.71,11.19,0.746,,,,,,,,,
1,T1,0004,NT_RI_LL_01_0004,RI,littorina_littorea,NT,,7.96,6.70,0.166,TRUE,NA,TRUE,TRUE,,FALSE,NA,NA,
1,T1,0008,NT_RI_LL_01_0008,RI,littorina_littorea,NT,,15.22,13.06,1.304,TRUE,NA,TRUE,TRUE,,FALSE,NA,NA,
1,T2,0010,NT_MA_LS_01_0010,MA,littorina_saxatilis,NT,,9.76,8.36,0.290,TRUE,NA,TRUE,TRUE,,TRUE,11:42,NA,
1,T3,0021,CS_MA_LS_01_0021,MA,littorina_saxatilis,CS,,10.82,9.30,0.377,TRUE,NA,TRUE,TRUE,,FALSE,NA,NA,
1,T3,0029,CS_RI_LS_01_0029,RI,littorina_saxatilis,CS,,7.11,6.25,0.104,TRUE,NA,TRUE,TRUE,,FALSE,NA,NA,
1,T2,0036,CS_MA_LO_01_0036,MA,littorina_obtusata,CS,,5.91,6.43,0.109,TRUE,NA,TRUE,TRUE,,TRUE,14:22,NA,
1,T2,0042,HS_RI_LS_01_0042,RI,littorina_saxatilis,HS,,8.85,8.20,0.239,TRUE,NA,TRUE,TRUE,,TRUE,16:23,NA,
1,T2,0045,NT_RI_LS_01_0045,RI,littorina_saxatilis,NT,,7.71,7.15,0.162,TRUE,NA,TRUE,TRUE,,FALSE,NA,NA,
1,T3,0051,CS_RI_LS_01_0051,RI,littorina_saxatilis,CS,,11.59,10.48,0.503,TRUE,NA,TRUE,TRUE,,FALSE,NA,NA,
1,T2,0056,CS_MA_LS_05_0056,MA,littorina_saxatilis,CS,,8.51,7.3,0.2,TRUE,NA,TRUE,TRUE,,TRUE,14:34,NA,
1,T2,0069,HS_MA_LS_01_0069,MA,littorina_saxatilis,HS,,12.23,10.87,0.540,TRUE,NA,TRUE,TRUE,,TRUE,16:36,NA,
1,T3,0077,HS_RI_LL_05_0077,RI,littorina_littorea,HS,,14.89,13.05,1.35,TRUE,NA,FALSE,FALSE,,FALSE,NA,NA,
1,T2,0080,NT_MA_LL_01_0080,MA,littorina_littorea,NT,,11.98,10.19,0.610,TRUE,NA,TRUE,TRUE,,TRUE,11:30,NA,
1,T3,0082,NT_RI_LL_01_0082,RI,littorina_littorea,NT,,14.14,12.03,0.974,TRUE,NA,TRUE,TRUE,,TRUE,11:12,NA,
1,T2,0094,CS_MA_LO_01_0094,MA,littorina_obtusata,CS,dead,8.92,10.02,0.315,,,,,,,,,
1,T1,0095,CS_MA_LO_01_0095,MA,littorina_obtusata,CS,,4.70,3.53,0.066,TRUE,NA,TRUE,TRUE,,FALSE,NA,NA,
1,T3,0100,HS_MA_LS_01_0100,MA,littorina_saxatilis,HS,,8.68,8.28,0.219,FALSE,NA,FALSE,FALSE,,FALSE,NA,NA,
1,T2,0106,CS_RI_LO_01_0106,RI,littorina_obtusata,CS,,9.18,10.43,0.465,TRUE,NA,TRUE,TRUE,,FALSE,NA,NA,
1,T2,0110,NT_RI_LO_01_0110,RI,littorina_obtusata,NT,,3.96,4.40,0.046,TRUE,NA,TRUE,TRUE,,FALSE,NA,NA,
1,T2,0114,HS_MA_LO_01_0114,MA,littorina_obtusata,HS,,7.06,7.49,0.186,FALSE,NA,FALSE,FALSE,,FALSE,NA,NA,
1,T2,0116,HS_MA_LO_01_0116,MA,littorina_obtusata,HS,,6.63,6.97,0.160,TRUE,NA,TRUE,FALSE,,TRUE,16:53,NA,
1,T3,0120,HS_MA_LS_01_0120,MA,littorina_saxatilis,HS,,5.73,3.72,0.049,FALSE,NA,FALSE,FALSE,,FALSE,NA,NA,
1,T3,0121,CS_RI_LS_01_0121,RI,littorina_saxatilis,CS,,4.86,4.29,0.030,TRUE,NA,TRUE,TRUE,,FALSE,NA,NA,
1,T1,0125,HS_MA_LL_01_0125,MA,littorina_littorea,HS,,9.53,8.87,0.344,TRUE,NA,TRUE,TRUE,,TRUE,16:55,NA,
1,T2,0129,HS_RI_LS_01_0129,RI,littorina_saxatilis,HS,,7.34,6.34,0.128,TRUE,NA,TRUE,FALSE,,TRUE,17:03,NA,
1,T2,0140,CS_MA_LS_01_0140,MA,littorina_saxatilis,CS,,10.16,8.43,0.290,TRUE,NA,TRUE,TRUE,,FALSE,NA,NA,
1,T1,0149,CS_RI_LO_01_0149,RI,littorina_obtusata,CS,,6.02,5.25,0.138,TRUE,NA,TRUE,TRUE,,FALSE,NA,NA,
1,T1,0155,CS_MA_LS_01_0155,MA,littorina_saxatilis,CS,,4.06,4.10,0.034,TRUE,NA,TRUE,TRUE,,FALSE,NA,NA,
1,T3,0156,NT_MA_LL_01_0156,MA,littorina_littorea,NT,,7.73,6.92,0.162,TRUE,NA,TRUE,TRUE,,TRUE,11:39,NA,
1,T2,0162,HS_MA_LO_01_0162,MA,littorina_obtusata,HS,dead,9.50,10.17,0.432,,,,,,,,,
1,T1,0164,CS_RI_LO_01_0164,RI,littorina_obtusata,CS,,8.08,9.60,0.763,TRUE,NA,TRUE,TRUE,,FALSE,NA,NA,
1,T3,0165,NT_RI_LL_01_0165,RI,littorina_littorea,NT,,11.78,10.50,0.624,TRUE,NA,TRUE,TRUE,,TRUE,11:15,NA,
1,T2,0168,HS_RI_LL_05_0168,RI,littorina_littorea,HS,,16.05,14.64,1.601,FALSE,NA,FALSE,FALSE,,FALSE,NA,NA,
1,T2,0182,NT_RI_LS_01_0182,RI,littorina_saxatilis,NT,,9.96,8.21,0.292,TRUE,NA,TRUE,TRUE,,TRUE,11:43,NA,
1,T3,0188,CS_MA_LL_01_0188,MA,littorina_littorea,CS,,10.20,8.98,0.381,TRUE,NA,TRUE,TRUE,,FALSE,NA,NA,
1,T3,0192,HS_MA_LO_01_0192,MA,littorina_obtusata,HS,dead,8.84,9.78,0.364,,,,,,,,,
1,T1,0193,CS_MA_LL_01_0193,MA,littorina_littorea,CS,,7.94,5.88,0.193,TRUE,NA,TRUE,TRUE,,FALSE,NA,NA,
1,T2,0196,NT_RI_LO_01_0196,RI,littorina_obtusata,NT,,5.72,6.18,0.106,TRUE,NA,TRUE,TRUE,,FALSE,NA,NA,
1,T3,0199,HS_RI_LO_01_0199,RI,littorina_obtusata,HS,,11.09,11.66,0.757,FALSE,NA,FALSE,FALSE,,FALSE,NA,NA,
1,T3,0202,HS_MA_LO_01_0202,MA,littorina_obtusata,HS,,4.62,5.65,0.072,FALSE,NA,FALSE,FALSE,,FALSE,NA,NA,
1,T1,0207,NT_RI_LL_01_0207,RI,littorina_littorea,NT,dead,6.73,6.13,0.109,,,,,,,,,
1,T1,0219,CS_RI_LO_01_0219,RI,littorina_obtusata,CS,,3.66,4.33,0.049,TRUE,NA,TRUE,TRUE,,TRUE,14:43,NA,
1,T3,0225,NT_RI_LO_01_0225,RI,littorina_obtusata,NT,,4.08,4.68,0.057,TRUE,NA,TRUE,TRUE,,TRUE,?,NA,
1,T2,0227,CS_RI_LS_01_0227,RI,littorina_saxatilis,CS,,9.36,8.22,0.238,TRUE,NA,TRUE,TRUE,,TRUE,15:17,NA,
1,T2,0231,CS_MA_LL_01_0231,MA,littorina_littorea,CS,,8.49,7.42,0.227,TRUE,NA,TRUE,TRUE,,FALSE,NA,NA,
1,T3,0237,NT_MA_LL_01_0237,MA,littorina_littorea,NT,,10.86,9.45,0.446,TRUE,NA,TRUE,TRUE,,FALSE,NA,NA,
1,T1,0239,CS_MA_LL_01_0239,MA,littorina_littorea,CS,,14.96,11.63,1.222,TRUE,NA,TRUE,TRUE,,FALSE,NA,NA,
1,T1,0244,HS_RI_LO_01_0244,RI,littorina_obtusata,HS,,6.57,5.73,0.252,FALSE,NA,FALSE,FALSE,,FALSE,NA,NA,
1,T3,0248,HS_RI_LO_01_0248,RI,littorina_obtusata,HS,,4.99,5.77,0.090,TRUE,NA,TRUE,TRUE,,TRUE,16:19,NA,
1,T2,0262,NT_MA_LS_05_0262,MA,littorina_saxatilis,NT,,6.71,6.07,0.095,TRUE,NA,TRUE,TRUE,,TRUE,11:37,NA,
1,T3,0263,HS_RI_LS_01_0263,RI,littorina_saxatilis,HS,,7.43,6.55,0.109,TRUE,NA,FALSE,FALSE,,FALSE,NA,NA,
1,T2,0277,HS_MA_LL_01_0277,MA,littorina_littorea,HS,,7.82,6.78,0.172,TRUE,NA,TRUE,TRUE,,TRUE,16:59,NA,
1,T3,0278,CS_RI_LO_01_0278,RI,littorina_obtusata,CS,,5.78,5.27,0.106,TRUE,NA,TRUE,TRUE,,TRUE,15:07,NA,
1,T1,0284,NT_RI_LO_01_0284,RI,littorina_obtusata,NT,,4.61,5.55,0.081,TRUE,NA,TRUE,TRUE,,TRUE,11:18,NA,
1,T2,0311,CS_RI_LS_01_0311,RI,littorina_saxatilis,CS,,7.71,6.61,0.139,TRUE,NA,TRUE,TRUE,,FALSE,NA,NA,
1,T1,0315,NT_MA_LO_01_0315,MA,littorina_obtusata,NT,,4.20,4.04,0.056,TRUE,NA,TRUE,TRUE,,FALSE,NA,NA,
1,T3,0319,HS_MA_LS_05_0319,MA,littorina_saxatilis,HS,,10.11,8.1,0.261,TRUE,NA,TRUE,TRUE,,TRUE,16:57,NA,
1,T2,0327,NT_MA_LO_01_0327,MA,littorina_obtusata,NT,,7.67,8.13,0.231,TRUE,NA,TRUE,TRUE,,FALSE,NA,NA,
1,T2,0328,CS_RI_LS_01_0328,RI,littorina_saxatilis,CS,dead,7.43,6.45,0.107,,,,,,,,,
1,T1,0329,CS_MA_LL_01_0329,MA,littorina_littorea,CS,,7.22,4.87,0.144,TRUE,NA,TRUE,TRUE,,TRUE,15:22,NA,
1,T2,0336,NT_RI_LO_01_0336,RI,littorina_obtusata,NT,,10.17,10.61,0.567,TRUE,NA,TRUE,TRUE,,TRUE,11:34,NA,
1,T2,0338,NT_RI_LL_01_0338,RI,littorina_littorea,NT,,6.82,5.69,0.087,TRUE,NA,TRUE,TRUE,,FALSE,NA,NA,
1,T3,0342,NT_MA_LS_01_0342,MA,littorina_saxatilis,NT,,5.48,4.81,0.047,TRUE,NA,TRUE,TRUE,,TRUE,11:35,NA,
1,T2,0343,NT_RI_LL_01_0343,RI,littorina_littorea,NT,,5.25,6.14,0.099,TRUE,NA,TRUE,TRUE,,TRUE,?,NA,
1,T1,0345,NT_MA_LS_01_0345,MA,littorina_saxatilis,NT,,10.27,8.05,0.339,TRUE,NA,TRUE,TRUE,,TRUE,11:04,NA,
1,T3,0354,NT_RI_LS_01_0354,RI,littorina_saxatilis,NT,,6.87,6.20,0.106,TRUE,NA,TRUE,TRUE,,FALSE,NA,NA,
1,T2,0361,HS_MA_LO_01_0361,MA,littorina_obtusata,HS,dead,4.34,4.68,0.052,,,,,,,,,
1,T1,0362,CS_RI_LL_01_0362,RI,littorina_littorea,CS,,9.14,7.57,0.245,TRUE,NA,TRUE,TRUE,,TRUE,14:53,NA,
1,T2,0365,CS_MA_LL_01_0365,MA,littorina_littorea,CS,,10.49,8.61,0.413,TRUE,NA,TRUE,TRUE,,TRUE,15:19,NA,
1,T3,0367,CS_MA_LO_01_0367,MA,littorina_obtusata,CS,,6.97,7.22,0.146,TRUE,NA,TRUE,TRUE,,FALSE,NA,NA,
1,T1,0370,CS_MA_LO_01_0370,MA,littorina_obtusata,CS,,10.27,8.27,0.862,FALSE,NA,FALSE,FALSE,,FALSE,NA,NA,
1,T1,0375,NT_RI_LL_05_0375,RI,littorina_littorea,NT,,10.1,9,0.42,TRUE,NA,TRUE,TRUE,,TRUE,?,NA,
1,T3,0376,HS_RI_LS_01_0376,RI,littorina_saxatilis,HS,dead,8.12,7.48,0.171,,,,,,,,,
1,T3,0377,CS_MA_LL_01_0377,MA,littorina_littorea,CS,,11.86,10.12,0.575,TRUE,NA,TRUE,TRUE,,TRUE,14:46,NA,
1,T3,0383,NT_RI_LO_01_0383,RI,littorina_obtusata,NT,,7.36,6.63,0.244,TRUE,NA,TRUE,TRUE,,FALSE,NA,NA,
1,T3,0390,HS_RI_LO_01_0390,RI,littorina_obtusata,HS,,9.71,10.55,0.562,FALSE,NA,FALSE,FALSE,,FALSE,NA,NA,
1,T1,0391,HS_MA_LL_01_0391,MA,littorina_littorea,HS,,7.64,6.19,0.165,TRUE,NA,TRUE,TRUE,,TRUE,16:20,NA,
1,T1,0395,NT_MA_LO_05_0395,MA,littorina_obtusata,NT,,10.38,10.39,0.526,TRUE,NA,TRUE,TRUE,,FALSE,NA,NA,
1,T2,0397,CS_MA_LO_01_0397,MA,littorina_obtusata,CS,,8.61,8.92,0.297,TRUE,NA,TRUE,TRUE,,TRUE,15:09,NA,
1,T3,0400,NT_RI_LO_01_0400,RI,littorina_obtusata,NT,,10.03,11.21,0.629,TRUE,NA,TRUE,TRUE,,TRUE,11:07,NA,
1,T2,0410,HS_MA_LL_01_0410,MA,littorina_littorea,HS,,10.06,9.28,0.398,FALSE,NA,FALSE,FALSE,,FALSE,NA,NA,
1,T1,0429,NT_MA_LL_01_0429,MA,littorina_littorea,NT,,10.84,8.30,0.465,TRUE,NA,TRUE,TRUE,,FALSE,NA,NA,
1,T3,0441,NT_MA_LO_05_0441,MA,littorina_obtusata,NT,,10.67,10.32,0.469,TRUE,NA,TRUE,TRUE,,FALSE,NA,NA,
1,T1,0442,HS_MA_LS_01_0442,MA,littorina_saxatilis,HS,,14.47,9.44,0.760,FALSE,NA,FALSE,FALSE,,FALSE,NA,NA,
1,T1,0445,HS_MA_LO_01_0445,MA,littorina_obtusata,HS,,6.82,5.46,0.208,TRUE,NA,TRUE,TRUE,,TRUE,16:22,NA,
1,T1,0453,NT_MA_LL_01_0453,MA,littorina_littorea,NT,,6.80,4.70,0.108,TRUE,NA,TRUE,TRUE,,TRUE,?,NA,
1,T1,0464,NT_MA_LL_01_0464,MA,littorina_littorea,NT,,11.25,8.07,0.479,TRUE,NA,TRUE,TRUE,,TRUE,11:20,NA,
1,T2,0468,HS_RI_LL_01_0468,RI,littorina_littorea,HS,,11.08,9.30,0.458,FALSE,NA,FALSE,FALSE,,FALSE,NA,NA,
1,T3,0474,HS_RI_LL_01_0474,RI,littorina_littorea,HS,wrong spp,10.77,8.89,0.365,,,,,,,,,
1,T1,0481,HS_RI_LO_01_0481,RI,littorina_obtusata,HS,,7.64,6.56,0.370,TRUE,NA,TRUE,TRUE,,TRUE,16:25,NA,
1,T2,0483,CS_RI_LO_05_0483,RI,littorina_obtusata,CS,,4.31,4.8,0.051,TRUE,NA,TRUE,TRUE,,TRUE,14:49,NA,
1,T2,0490,CS_MA_LO_01_0490,MA,littorina_obtusata,CS,,4.32,4.92,0.053,TRUE,NA,TRUE,TRUE,,FALSE,NA,NA,
1,T1,0495,HS_MA_LL_01_0495,MA,littorina_littorea,HS,,10.00,7.80,0.332,TRUE,NA,TRUE,TRUE,,TRUE,16:56,NA,
1,T2,0509,CS_RI_LL_01_0509,RI,littorina_littorea,CS,,12.44,10.91,0.653,TRUE,NA,TRUE,TRUE,,TRUE,15:32,NA,
1,T1,0512,CS_RI_LO_01_0512,RI,littorina_obtusata,CS,,5.70,5.42,0.145,TRUE,NA,TRUE,TRUE,,TRUE,14:55,NA,
1,T3,0514,HS_RI_LL_01_0514,RI,littorina_littorea,HS,wrong spp,7.83,6.29,0.144,,,,,,,,,
1,T1,0517,CS_MA_LO_05_0517,MA,littorina_obtusata,CS,,6.93,7.1,0.147,TRUE,NA,TRUE,TRUE,,TRUE,15:10,NA,
1,T2,0520,HS_RI_LS_01_0520,RI,littorina_saxatilis,HS,,5.55,4.11,0.051,FALSE,NA,FALSE,FALSE,,FALSE,NA,NA,
1,T1,0526,HS_RI_LS_01_0526,RI,littorina_saxatilis,HS,,8.91,6.04,0.198,TRUE,NA,TRUE,TRUE,,TRUE,16:34,NA,
1,T2,0530,NT_RI_LS_01_0530,RI,littorina_saxatilis,NT,,11.11,9.60,0.340,TRUE,NA,TRUE,TRUE,,TRUE,11:44,NA,
1,T2,0535,NT_RI_LL_01_0535,RI,littorina_littorea,NT,,19.25,16.69,2.485,TRUE,NA,TRUE,TRUE,,FALSE,NA,NA,
1,T1,0552,NT_MA_LS_01_0552,MA,littorina_saxatilis,NT,dead,8.38,6.53,0.140,,,,,,,,,
1,T1,0577,NT_MA_LL_01_0577,MA,littorina_littorea,NT,,10.46,9.68,0.448,TRUE,NA,TRUE,TRUE,,FALSE,NA,NA,
1,T3,0580,HS_RI_LL_05_0580,RI,littorina_littorea,HS,,10.76,9.24,0.426,TRUE,NA,TRUE,TRUE,,TRUE,16:31,NA,
1,T3,0583,NT_MA_LO_01_0583,MA,littorina_obtusata,NT,dead,9.98,10.51,0.467,,,,,,,,,
1,T3,0584,HS_RI_LL_05_0584,RI,littorina_littorea,HS,,10.14,8.43,0.383,FALSE,NA,FALSE,FALSE,,FALSE,NA,NA,
1,T3,0587,HS_RI_LS_01_0587,RI,littorina_saxatilis,HS,,10.65,9.25,0.358,FALSE,NA,FALSE,FALSE,,FALSE,NA,NA,
1,T1,0597,HS_RI_LL_01_0597,RI,littorina_littorea,HS,,9.69,7.23,0.314,FALSE,NA,FALSE,FALSE,,FALSE,NA,NA,
1,T3,0604,HS_RI_LS_01_0604,RI,littorina_saxatilis,HS,,7.08,6.45,0.106,FALSE,NA,FALSE,FALSE,,FALSE,NA,NA,
1,T1,0608,NT_MA_LS_06_0608,MA,littorina_saxatilis,NT,,5.98,5.04,0.065,TRUE,NA,TRUE,TRUE,,FALSE,NA,NA,
1,T2,0612,NT_MA_LS_05_0612,MA,littorina_saxatilis,NT,,4.84,4.37,0.036,TRUE,NA,TRUE,TRUE,,FALSE,NA,NA,
1,T1,0616,HS_MA_LS_01_0616,MA,littorina_saxatilis,HS,dead,10.58,7.76,0.318,,,,,,,,,
1,T1,0621,NT_MA_LL_01_0621,MA,littorina_littorea,NT,,12.92,11.14,0.789,TRUE,NA,TRUE,TRUE,,FALSE,NA,NA,
1,T1,0624,HS_RI_LL_01_0624,RI,littorina_littorea,HS,,17.17,15.13,1.792,TRUE,NA,TRUE,TRUE,,TRUE,16:29,NA,
1,T1,0626,CS_MA_LL_01_0626,MA,littorina_littorea,CS,,12.42,8.74,0.672,TRUE,NA,TRUE,TRUE,,TRUE,14:41,NA,
1,T2,0628,CS_RI_LO_01_0628,RI,littorina_obtusata,CS,dead,10.32,11.26,0.676,,,,,,,,,
1,T3,0635,CS_RI_LL_01_0635,RI,littorina_littorea,CS,,9.45,8.35,0.286,TRUE,NA,TRUE,TRUE,,TRUE,15:12,NA,
1,T3,0639,CS_MA_LL_01_0639,MA,littorina_littorea,CS,,12.40,11.71,0.834,TRUE,NA,TRUE,TRUE,,TRUE,15:26,NA,
1,T2,0655,HS_RI_LO_01_0655,RI,littorina_obtusata,HS,,8.93,10.43,0.442,TRUE,NA,TRUE,FALSE,,TRUE,16:33,NA,
1,T2,0662,CS_MA_LL_01_0662,MA,littorina_littorea,CS,,14.40,12.03,1.020,TRUE,NA,TRUE,TRUE,,FALSE,NA,NA,
1,T1,0667,NT_MA_LO_01_0667,MA,littorina_obtusata,NT,dead,5.88,6.41,0.112,,,,,,,,,
1,T2,0670,NT_MA_LS_01_0670,MA,littorina_saxatilis,NT,dead,6.66,6.08,0.089,,,,,,,,,
1,T3,0684,CS_RI_LS_01_0684,RI,littorina_saxatilis,CS,,8.52,6.19,0.155,TRUE,NA,TRUE,TRUE,,TRUE,15:18,NA,
1,T2,0692,HS_RI_LS_01_0692,RI,littorina_saxatilis,HS,,7.84,6.19,0.156,FALSE,NA,FALSE,FALSE,,FALSE,NA,NA,
1,T1,0697,NT_RI_LL_01_0697,RI,littorina_littorea,NT,,11.26,9.23,0.466,TRUE,NA,TRUE,TRUE,,FALSE,NA,NA,
1,T1,0701,CS_RI_LS_01_0701,RI,littorina_saxatilis,CS,dead,6.80,4.62,0.086,,,,,,,,,
1,T1,0702,NT_MA_LO_05_0702,MA,littorina_obtusata,NT,,6.16,6.56,0.133,TRUE,NA,TRUE,TRUE,,TRUE,11:27,NA,
1,T2,0703,NT_RI_LS_01_0703,RI,littorina_saxatilis,NT,,10.13,7.95,0.300,TRUE,NA,TRUE,TRUE,,TRUE,?,NA,
1,T3,0708,CS_RI_LS_01_0708,RI,littorina_saxatilis,CS,,6.10,5.31,0.068,TRUE,NA,TRUE,TRUE,,FALSE,NA,NA,
1,T3,0714,HS_RI_LL_01_0714,RI,littorina_littorea,HS,,13.97,12.69,1.056,FALSE,NA,FALSE,FALSE,,FALSE,NA,NA,
1,T1,0716,HS_MA_LL_01_0716,MA,littorina_littorea,HS,,12.84,9.31,0.733,FALSE,NA,FALSE,FALSE,,FALSE,NA,NA,
1,T3,0718,HS_RI_LL_01_0718,RI,littorina_littorea,HS,wrong spp,8.01,7.51,0.180,,,,,,,,,
1,T3,0721,HS_MA_LL_01_0721,MA,littorina_littorea,HS,,10.75,9.28,0.389,FALSE,NA,FALSE,FALSE,,FALSE,NA,NA,
1,T2,0723,NT_RI_LO_01_0723,RI,littorina_obtusata,NT,,8.70,8.81,0.364,TRUE,NA,TRUE,TRUE,,FALSE,NA,NA,
1,T1,0724,NT_MA_LS_01_0724,MA,littorina_saxatilis,NT,wrong spp,19.18,14.46,1.042,,,,,,,,,
1,T1,0725,NT_MA_LS_05_0725,MA,littorina_saxatilis,NT,,9.79,8.82,0.318,TRUE,NA,TRUE,TRUE,,TRUE,11:25,NA,
1,T1,0728,CS_RI_LL_01_0728,RI,littorina_littorea,CS,,10.78,13.41,0.806,TRUE,NA,TRUE,TRUE,,FALSE,NA,NA,
1,T2,0729,CS_MA_LS_01_0729,MA,littorina_saxatilis,CS,dead,7.52,6.70,0.111,,,,,,,,,
1,T3,0732,CS_RI_LO_01_0732,RI,littorina_obtusata,CS,,9.48,10.37,0.500,TRUE,NA,TRUE,TRUE,,FALSE,NA,NA,
1,T3,0734,CS_MA_LS_01_0734,MA,littorina_saxatilis,CS,,4.92,4.65,0.034,TRUE,NA,TRUE,TRUE,,FALSE,NA,NA,
1,T3,0738,HS_RI_LO_01_0738,RI,littorina_obtusata,HS,,8.85,9.61,0.372,TRUE,NA,FALSE,FALSE,,FALSE,NA,NA,
1,T3,0753,NT_MA_LO_01_0753,MA,littorina_obtusata,NT,,9.82,10.77,0.463,TRUE,NA,TRUE,TRUE,,FALSE,NA,NA,
1,T1,0763,HS_MA_LL_01_0763,MA,littorina_littorea,HS,,9.91,7.51,0.377,TRUE,NA,TRUE,TRUE,,TRUE,16:41,NA,
1,T1,0766,CS_MA_LS_01_0766,MA,littorina_saxatilis,CS,dead,8.37,5.78,0.250,,,,,,,,,
1,T1,0769,CS_MA_LS_05_0769,MA,littorina_saxatilis,CS,,7.92,6.61,0.139,TRUE,NA,TRUE,TRUE,,TRUE,14:45,NA,
1,T3,0773,NT_MA_LL_01_0773,MA,littorina_littorea,NT,,10.08,9.01,0.370,TRUE,NA,TRUE,TRUE,,FALSE,NA,NA,
1,T1,0785,NT_RI_LS_01_0785,RI,littorina_saxatilis,NT,,7.14,6.02,0.120,TRUE,NA,TRUE,TRUE,,FALSE,NA,NA,
1,T1,0787,CS_RI_LL_01_0787,RI,littorina_littorea,CS,,8.75,7.19,0.213,TRUE,NA,TRUE,TRUE,,FALSE,NA,NA,
1,T2,0790,HS_RI_LL_01_0790,RI,littorina_littorea,HS,dead,3.38,4.24,0.034,,,,,,,,,
1,T3,0796,HS_MA_LO_05_0796,MA,littorina_obtusata,HS,,5.01,6.12,0.088,TRUE,NA,TRUE,FALSE,,TRUE,16:54,NA,
1,T2,0800,CS_RI_LO_01_0800,RI,littorina_obtusata,CS,,3.62,4.50,0.043,TRUE,NA,TRUE,TRUE,,FALSE,NA,NA,
1,T1,0811,NT_RI_LS_01_0811,RI,littorina_saxatilis,NT,,8.84,6.42,0.184,TRUE,NA,TRUE,TRUE,,FALSE,NA,NA,
1,T2,0812,NT_MA_LO_01_0812,MA,littorina_obtusata,NT,,9.78,10.05,0.406,TRUE,NA,TRUE,TRUE,,TRUE,?,NA,
1,T3,0814,HS_MA_LS_01_0814,MA,littorina_saxatilis,HS,dead,9.44,7.91,0.230,,,,,,,,,
1,T2,0816,HS_MA_LL_01_0816,MA,littorina_littorea,HS,,13.48,11.44,0.777,TRUE,NA,TRUE,TRUE,,TRUE,16:47,NA,
1,T1,0818,CS_MA_LS_05_0818,MA,littorina_saxatilis,CS,,5.1,4.38,0.04,TRUE,NA,TRUE,TRUE,,FALSE,NA,NA,
1,T1,0835,CS_MA_LO_01_0835,MA,littorina_obtusata,CS,dead,9.40,8.11,0.518,,,,,,,,,
1,T2,0837,HS_MA_LS_01_0837,MA,littorina_saxatilis,HS,,9.45,8.08,0.223,TRUE,NA,TRUE,TRUE,,TRUE,16:43,NA,
1,T2,0844,HS_MA_LO_05_0844,MA,littorina_obtusata,HS,,7.91,8.7,0.24,FALSE,NA,FALSE,FALSE,,FALSE,NA,NA,
1,T1,0854,NT_RI_LS_05_0854,RI,littorina_saxatilis,NT,,11.47,9.47,0.375,TRUE,NA,TRUE,TRUE,,TRUE,11:14,NA,
1,T3,0855,NT_MA_LO_01_0855,MA,littorina_obtusata,NT,,8.65,8.67,0.274,TRUE,NA,TRUE,TRUE,,TRUE,11:23,NA,
1,T2,0856,HS_RI_LS_01_0856,RI,littorina_saxatilis,HS,dead,8.60,7.61,0.193,,,,,,,,,
1,T3,0860,NT_MA_LO_01_0860,MA,littorina_obtusata,NT,,9.70,10.20,0.413,TRUE,NA,TRUE,TRUE,,TRUE,?,NA,
1,T1,0866,CS_RI_LL_01_0866,RI,littorina_littorea,CS,,14.00,12.15,1.057,TRUE,NA,TRUE,TRUE,,TRUE,15:00,NA,
1,T2,0870,HS_MA_LO_05_0870,MA,littorina_obtusata,HS,,4.86,5.21,0.072,TRUE,NA,TRUE,FALSE,,FALSE,NA,NA,
1,T1,0871,CS_MA_LO_01_0871,MA,littorina_obtusata,CS,,5.81,5.33,0.109,TRUE,NA,TRUE,TRUE,,TRUE,14:57,NA,
1,T2,0877,HS_MA_LO_01_0877,MA,littorina_obtusata,HS,,6.60,7.21,0.164,FALSE,NA,FALSE,FALSE,,FALSE,NA,NA,
1,T1,0884,NT_RI_LL_01_0884,RI,littorina_littorea,NT,,11.65,10.17,0.544,TRUE,NA,TRUE,TRUE,,TRUE,11:30,NA,
1,T3,0888,HS_MA_LS_01_0888,MA,littorina_saxatilis,HS,,8.45,7.55,0.180,TRUE,NA,TRUE,FALSE,,TRUE,17:02,NA,
1,T1,0891,CS_RI_LS_05_0891,RI,littorina_saxatilis,CS,,8.24,6.99,0.194,TRUE,NA,TRUE,TRUE,,TRUE,14:37,NA,
1,T3,0895,NT_MA_LS_01_0895,MA,littorina_saxatilis,NT,,6.20,5.63,0.080,TRUE,NA,TRUE,TRUE,,FALSE,NA,NA,
1,T3,0902,HS_RI_LO_01_0902,RI,littorina_obtusata,HS,,4.32,4.90,0.052,FALSE,NA,FALSE,FALSE,,FALSE,NA,NA,
1,T2,0906,NT_RI_LS_01_0906,RI,littorina_saxatilis,NT,dead,9.55,8.17,0.259,,,,,,,,,
1,T2,0915,NT_MA_LL_01_0915,MA,littorina_littorea,NT,,12.15,11.31,0.741,TRUE,NA,TRUE,TRUE,,TRUE,?,NA,
1,T3,0918,CS_RI_LL_05_0918,RI,littorina_littorea,CS,,11.2,10.4,0.474,TRUE,NA,TRUE,TRUE,,TRUE,15:05,NA,
1,T1,0920,HS_MA_LO_01_0920,MA,littorina_obtusata,HS,,6.87,5.99,0.186,TRUE,NA,TRUE,TRUE,,FALSE,NA,NA,
1,T3,0931,HS_MA_LO_01_0931,MA,littorina_obtusata,HS,,6.26,6.78,0.136,FALSE,NA,FALSE,FALSE,,FALSE,NA,NA,
1,T3,0932,NT_RI_LO_01_0932,RI,littorina_obtusata,NT,,4.23,4.65,0.056,TRUE,NA,TRUE,TRUE,,TRUE,11:21,NA,
1,T3,0948,HS_RI_LL_01_0948,RI,littorina_littorea,HS,,9.10,9.69,0.588,FALSE,NA,FALSE,FALSE,,FALSE,NA,NA,
1,T1,0950,NT_MA_LS_01_0950,MA,littorina_saxatilis,NT,dead,6.25,4.12,0.090,,,,,,,,,
1,T1,0957,NT_MA_LO_01_0957,MA,littorina_obtusata,NT,dead,8.55,7.23,0.477,,,,,,,,,
1,T3,0964,NT_RI_LO_01_0964,RI,littorina_obtusata,NT,,9.45,10.14,0.454,TRUE,NA,TRUE,TRUE,,FALSE,NA,NA,
1,T2,0966,CS_RI_LS_01_0966,RI,littorina_saxatilis,CS,,7.82,5.63,0.108,TRUE,NA,TRUE,TRUE,,TRUE,15:34,NA,
1,T3,0984,HS_RI_LO_01_0984,RI,littorina_obtusata,HS,,10.98,11.01,0.846,FALSE,NA,FALSE,FALSE,,FALSE,NA,NA,
1,T3,0985,HS_MA_LS_05_0985,MA,littorina_saxatilis,HS,,12.11,10.08,0.519,TRUE,NA,TRUE,TRUE,,TRUE,16:49,NA,
1,T3,0987,HS_MA_LS_01_0987,MA,littorina_saxatilis,HS,wrong spp,18.47,15.41,1.961,,,,,,,,,
1,T1,0991,CS_MA_LO_01_0991,MA,littorina_obtusata,CS,,6.73,5.65,0.212,TRUE,NA,TRUE,TRUE,,TRUE,14:48,NA,
1,T2,0993,HS_MA_LL_01_0993,MA,littorina_littorea,HS,,16.53,14.81,1.658,FALSE,NA,FALSE,FALSE,,FALSE,NA,NA,
1,T2,0994,HS_RI_LO_01_0994,RI,littorina_obtusata,HS,,4.22,5.55,0.061,FALSE,NA,FALSE,FALSE,,FALSE,NA,NA,
1,T3,0995,HS_RI_LL_01_0995,RI,littorina_littorea,HS,,11.94,10.68,0.580,FALSE,NA,FALSE,FALSE,,FALSE,NA,NA,
1,T1,1001,HS_MA_LS_05_1001,MA,littorina_saxatilis,HS,,7.03,6.55,0.12,TRUE,NA,FALSE,FALSE,,FALSE,NA,NA,
1,T2,1011,CS_RI_LL_01_1011,RI,littorina_littorea,CS,,14.45,13.08,1.107,TRUE,NA,TRUE,TRUE,,FALSE,NA,NA,
1,T3,1012,CS_MA_LS_01_1012,MA,littorina_saxatilis,CS,,11.59,8.91,0.408,TRUE,NA,TRUE,TRUE,,TRUE,14:35,NA,
1,T3,1018,HS_RI_LS_05_1018,RI,littorina_saxatilis,HS,,8.92,7.63,0.192,FALSE,NA,FALSE,FALSE,,FALSE,NA,NA,
1,T1,1019,HS_MA_LL_01_1019,MA,littorina_littorea,HS,,10.04,8.28,0.349,TRUE,NA,TRUE,FALSE,,TRUE,17:01,NA,
1,T1,1022,NT_MA_LO_01_1022,MA,littorina_obtusata,NT,,5.42,4.77,0.099,TRUE,NA,TRUE,TRUE,,TRUE,?,NA,
1,T2,1027,CS_RI_LO_05_1027,RI,littorina_obtusata,CS,,5.05,5.44,0.074,TRUE,NA,TRUE,TRUE,,TRUE,15:04,NA,
1,T3,1030,CS_RI_LL_01_1030,RI,littorina_littorea,CS,wrong spp,6.35,6.19,0.142,,,,,,,,,
1,T1,1032,CS_MA_LS_01_1032,MA,littorina_saxatilis,CS,,7.74,5.71,0.152,TRUE,NA,TRUE,TRUE,,TRUE,14:51,NA,
1,T2,1033,NT_RI_LS_01_1033,RI,littorina_saxatilis,NT,,8.73,7.46,0.200,TRUE,NA,TRUE,TRUE,,TRUE,11:28,NA,
1,T2,1034,CS_MA_LO_05_1034,MA,littorina_obtusata,CS,,6.17,6.47,0.12,TRUE,NA,TRUE,TRUE,,FALSE,NA,NA,
1,T2,1036,HS_RI_LS_05_1036,RI,littorina_saxatilis,HS,,7.36,5.99,0.123,FALSE,NA,FALSE,FALSE,,FALSE,NA,NA,
1,T2,1042,CS_RI_LL_01_1042,RI,littorina_littorea,CS,,8.87,7.31,0.213,TRUE,NA,TRUE,TRUE,,FALSE,NA,NA,
1,T1,1043,CS_RI_LL_01_1043,RI,littorina_littorea,CS,,11.14,9.88,0.481,TRUE,NA,TRUE,TRUE,,FALSE,NA,NA,
1,T1,1044,NT_MA_LS_01_1044,MA,littorina_saxatilis,NT,,4.55,3.57,0.023,TRUE,NA,TRUE,TRUE,,FALSE,NA,NA,
1,T1,1047,CS_MA_LS_01_1047,MA,littorina_saxatilis,CS,dead,7.84,6.09,0.175,,,,,,,,,
1,T2,1048,NT_RI_LS_01_1048,RI,littorina_saxatilis,NT,,6.90,5.96,0.116,TRUE,NA,TRUE,TRUE,,FALSE,NA,NA,
1,T3,1061,NT_MA_LS_01_1061,MA,littorina_saxatilis,NT,,5.63,5.23,0.056,TRUE,NA,TRUE,TRUE,,FALSE,NA,NA,
1,T3,1067,CS_MA_LS_01_1067,MA,littorina_saxatilis,CS,,8.13,7.51,0.201,TRUE,NA,TRUE,TRUE,,TRUE,15:03,NA,
1,T2,1078,CS_RI_LS_05_1078,RI,littorina_saxatilis,CS,,8.19,6.69,0.118,TRUE,NA,TRUE,TRUE,,TRUE,15:15,NA,
2,T1,0003,CS_MA_LO_02_0003,MA,littorina_obtusata,CS,dead,9.25,10.59,0.438,,,,,,,,,
2,T2,0007,HS_MA_LS_06_0007,MA,littorina_saxatilis,HS,,8.89,7.77,0.213,TRUE,FALSE,NA,NA,,TRUE,15:47,NA,
2,T2,0011,CS_RI_LS_02_0011,RI,littorina_saxatilis,CS,dead,7.63,6.27,0.151,,,,,,,,,
2,T1,0015,HS_RI_LO_02_0015,RI,littorina_obtusata,HS,,7.35,7.81,0.251,TRUE,FALSE,NA,NA,,TRUE,15:43,NA,
2,T2,0017,CS_MA_LO_06_0017,MA,littorina_obtusata,CS,,5.4,6.07,0.101,FALSE,FALSE,NA,NA,,FALSE,NA,NA,
2,T2,0020,CS_MA_LO_02_0020,MA,littorina_obtusata,CS,dead,5.69,6.00,0.116,,,,,,,,,
2,T2,0022,HS_RI_LS_02_0022,RI,littorina_saxatilis,HS,dead,5.05,4.45,0.041,,,,,,,,,
2,T3,0025,HS_MA_LO_02_0025,MA,littorina_obtusata,HS,,6.04,6.68,0.122,TRUE,TRUE,NA,NA,,TRUE,15:08,NA,
2,T1,0033,HS_MA_LS_02_0033,MA,littorina_saxatilis,HS,dead,11.75,9.75,0.472,,,,,,,,,
2,T2,0034,CS_MA_LL_02_0034,MA,littorina_littorea,CS,,9.74,8.21,0.302,FALSE,FALSE,NA,NA,,FALSE,NA,NA,
2,T2,0039,HS_MA_LS_02_0039,MA,littorina_saxatilis,HS,,14.20,10.11,0.691,TRUE,TRUE,NA,NA,,TRUE,15:24,NA,
2,T2,0047,NT_RI_LL_02_0047,RI,littorina_littorea,NT,,19.97,15.42,2.228,TRUE,TRUE,NA,NA,,TRUE,10:52,NA,
2,T2,0050,HS_RI_LS_02_0050,RI,littorina_saxatilis,HS,dead,8.02,6.78,0.133,,,,,,,,,
2,T1,0052,CS_MA_LO_02_0052,MA,littorina_obtusata,CS,,7.49,7.41,0.182,TRUE,TRUE,NA,NA,,TRUE,13:59,NA,
2,T2,0053,CS_RI_LL_02_0053,RI,littorina_littorea,CS,,12.55,11.21,0.741,FALSE,FALSE,NA,NA,,FALSE,NA,NA,
2,T2,0055,CS_MA_LO_06_0055,MA,littorina_obtusata,CS,,3.73,4.05,0.034,TRUE,FALSE,NA,NA,,TRUE,14:20,NA,
2,T1,0059,NT_RI_LL_02_0059,RI,littorina_littorea,NT,,11.96,9.44,0.573,TRUE,TRUE,NA,NA,,TRUE,16:51,NA,
2,T2,0062,CS_MA_LL_02_0062,MA,littorina_littorea,CS,,10.52,9.47,0.460,FALSE,FALSE,NA,NA,,FALSE,NA,NA,
2,T2,0065,CS_RI_LS_02_0065,RI,littorina_saxatilis,CS,dead,8.66,5.78,0.204,,,,,,,,,
2,T2,0068,NT_RI_LS_06_0068,RI,littorina_saxatilis,NT,,4.68,4.23,0.04,TRUE,TRUE,NA,NA,,TRUE,11:11,NA,
2,T2,0070,HS_RI_LS_06_0070,RI,littorina_saxatilis,HS,,11.61,9.11,0.404,FALSE,FALSE,NA,NA,,FALSE,NA,NA,
2,T2,0071,HS_RI_LL_05_0071,RI,littorina_littorea,HS,,10.52,9.86,0.434,TRUE,FALSE,NA,NA,,TRUE,15:50,NA,
2,T2,0072,NT_MA_LS_02_0072,MA,littorina_saxatilis,NT,wrong spp,19.39,16.11,2.176,,,,,,,,,
2,T1,0081,CS_MA_LS_02_0081,MA,littorina_saxatilis,CS,,11.56,9.08,0.409,TRUE,TRUE,NA,NA,,TRUE,14:01,NA,
2,T2,0083,CS_RI_LS_02_0083,RI,littorina_saxatilis,CS,dead,10.15,8.56,0.288,,,,,,,,,
2,T1,0085,HS_MA_LO_02_0085,MA,littorina_obtusata,HS,dead,4.82,5.71,0.063,,,,,,,,,
2,T3,0086,NT_RI_LO_02_0086,RI,littorina_obtusata,NT,,5.71,6.83,0.136,TRUE,TRUE,NA,NA,,TRUE,16:21,NA,
2,T1,0092,HS_RI_LL_02_0092,RI,littorina_littorea,HS,,9.76,7.91,0.335,TRUE,TRUE,NA,NA,,TRUE,14:51,NA,
2,T3,0096,NT_MA_LO_02_0096,MA,littorina_obtusata,NT,,4.31,4.97,0.053,TRUE,TRUE,NA,NA,,TRUE,16:14,NA,
2,T2,0099,NT_MA_LO_06_0099,MA,littorina_obtusata,NT,,8.46,9.23,0.299,TRUE,TRUE,NA,NA,,TRUE,16:23,NA,
2,T2,0101,HS_RI_LS_06_0101,RI,littorina_saxatilis,HS,,7.56,6.78,0.13,FALSE,FALSE,NA,NA,,FALSE,NA,NA,
2,T1,0103,HS_RI_LS_06_0103,RI,littorina_saxatilis,HS,,8.08,7.15,0.15,FALSE,FALSE,NA,NA,,FALSE,NA,NA,
2,T3,0109,NT_RI_LL_02_0109,RI,littorina_littorea,NT,,8.99,6.54,0.290,TRUE,TRUE,NA,NA,,TRUE,16:17,NA,
2,T3,0113,CS_RI_LO_02_0113,RI,littorina_obtusata,CS,,4.97,5.57,0.092,FALSE,FALSE,NA,NA,,FALSE,NA,NA,
2,T3,0115,NT_RI_LS_06_0115,RI,littorina_saxatilis,NT,,8.27,6.57,0.145,TRUE,TRUE,NA,NA,,TRUE,16:13,NA,
2,T3,0126,CS_MA_LL_02_0126,MA,littorina_littorea,CS,,12.80,11.03,0.842,TRUE,FALSE,NA,NA,,TRUE,14:27,NA,
2,T1,0128,CS_RI_LO_02_0128,RI,littorina_obtusata,CS,dead,4.83,5.43,0.075,,,,,,,,,
2,T3,0131,CS_RI_LO_05_0131,RI,littorina_obtusata,CS,,4.78,5.38,0.07,TRUE,FALSE,NA,NA,,TRUE,14:35,NA,
2,T1,0132,NT_MA_LL_02_0132,MA,littorina_littorea,NT,,9.77,8.56,0.355,TRUE,TRUE,NA,NA,,TRUE,16:24,NA,
2,T2,0133,CS_RI_LS_06_0133,RI,littorina_saxatilis,CS,,9.6,7.52,0.203,FALSE,FALSE,NA,NA,,FALSE,NA,NA,
2,T1,0134,NT_MA_LO_02_0134,MA,littorina_obtusata,NT,,6.06,6.23,0.120,TRUE,TRUE,NA,NA,,TRUE,10:47,NA,
2,T3,0137,NT_RI_LO_02_0137,RI,littorina_obtusata,NT,,9.16,9.63,0.475,TRUE,TRUE,NA,NA,,TRUE,16:12,NA,
2,T3,0139,HS_RI_LL_02_0139,RI,littorina_littorea,HS,,18.68,16.15,2.525,TRUE,FALSE,NA,NA,,TRUE,15:59,NA,
2,T2,0143,CS_RI_LL_02_0143,RI,littorina_littorea,CS,,13.57,10.21,0.916,TRUE,FALSE,NA,NA,,TRUE,14:19,NA,
2,T1,0145,NT_RI_LL_02_0145,RI,littorina_littorea,NT,,9.29,7.32,0.259,TRUE,TRUE,NA,NA,,TRUE,16:25,NA,
2,T2,0153,HS_RI_LS_02_0153,RI,littorina_saxatilis,HS,dead,8.13,6.36,0.182,,,,,,,,,
2,T1,0157,HS_RI_LL_02_0157,RI,littorina_littorea,HS,dead,4.51,4.11,0.045,,,,,,,,,
2,T1,0159,NT_MA_LS_02_0159,MA,littorina_saxatilis,NT,,6.66,5.82,0.096,TRUE,TRUE,NA,NA,,TRUE,10:28,NA,
2,T3,0169,HS_MA_LS_02_0169,MA,littorina_saxatilis,HS,dead,6.07,5.60,0.072,,,,,,,,,
2,T1,0173,CS_RI_LS_05_0173,RI,littorina_saxatilis,CS,,8.32,7.27,0.149,FALSE,FALSE,NA,NA,,FALSE,NA,NA,
2,T3,0178,CS_MA_LL_02_0178,MA,littorina_littorea,CS,,11.00,9.76,0.430,FALSE,FALSE,NA,NA,,FALSE,NA,NA,
2,T1,0184,NT_RI_LO_02_0184,RI,littorina_obtusata,NT,,6.64,5.18,0.081,FALSE,FALSE,NA,NA,,FALSE,NA,NA,
2,T1,0185,HS_RI_LO_05_0185,RI,littorina_obtusata,HS,,10.84,11.18,0.663,TRUE,FALSE,NA,NA,,TRUE,15:49,NA,
2,T1,0186,HS_RI_LO_05_0186,RI,littorina_obtusata,HS,,6.03,6.76,0.146,FALSE,FALSE,NA,NA,,FALSE,NA,NA,
2,T1,0210,NT_MA_LO_02_0210,MA,littorina_obtusata,NT,dead,5.79,6.43,0.105,,,,,,,,,
2,T2,0211,CS_MA_LO_06_0211,MA,littorina_obtusata,CS,,9.11,9.91,0.418,TRUE,FALSE,NA,NA,,TRUE,14:33,NA,
2,T1,0218,NT_RI_LS_02_0218,RI,littorina_saxatilis,NT,,5.55,4.73,0.043,TRUE,TRUE,NA,NA,,TRUE,10:40,NA,
2,T1,0230,CS_MA_LS_02_0230,MA,littorina_saxatilis,CS,dead,10.63,9.05,0.292,,,,,,,,,
2,T1,0232,HS_RI_LO_05_0232,RI,littorina_obtusata,HS,,8.88,10.36,0.444,TRUE,FALSE,NA,NA,,TRUE,15:46,NA,
2,T1,0235,HS_RI_LS_02_0235,RI,littorina_saxatilis,HS,dead,7.69,5.97,0.127,,,,,,,,,
2,T1,0238,HS_RI_LO_02_0238,RI,littorina_obtusata,HS,,7.06,7.43,0.206,TRUE,FALSE,NA,NA,,TRUE,15:48,NA,
2,T1,0241,CS_RI_LS_02_0241,RI,littorina_saxatilis,CS,,5.49,5.23,0.055,FALSE,FALSE,NA,NA,,FALSE,NA,NA,
2,T1,0243,HS_MA_LL_02_0243,MA,littorina_littorea,HS,,10.43,9.32,0.398,TRUE,FALSE,NA,NA,,TRUE,15:39,NA,
2,T3,0245,HS_MA_LS_06_0245,MA,littorina_saxatilis,HS,,6.41,4.85,0.09,TRUE,TRUE,NA,NA,,TRUE,15:21,NA,
2,T2,0250,HS_MA_LL_02_0250,MA,littorina_littorea,HS,,8.69,7.80,0.228,TRUE,FALSE,NA,NA,,TRUE,15:51,NA,
2,T3,0254,CS_MA_LO_02_0254,MA,littorina_obtusata,CS,dead,8.11,8.30,0.239,,,,,,,,,
2,T3,0260,NT_MA_LS_02_0260,MA,littorina_saxatilis,NT,,10.17,8.84,0.346,TRUE,TRUE,NA,NA,,TRUE,16:19,NA,
2,T1,0273,CS_RI_LS_02_0273,RI,littorina_saxatilis,CS,dead,6.19,4.45,0.079,,,,,,,,,
2,T3,0274,NT_MA_LL_02_0274,MA,littorina_littorea,NT,,11.30,9.99,0.465,TRUE,TRUE,NA,NA,,TRUE,10:55,NA,
2,T1,0275,HS_MA_LO_02_0275,MA,littorina_obtusata,HS,dead,8.94,10.07,0.419,,,,,,,,,
2,T3,0279,CS_MA_LO_02_0279,MA,littorina_obtusata,CS,dead,5.94,6.54,0.104,,,,,,,,,
2,T2,0280,CS_MA_LS_02_0280,MA,littorina_saxatilis,CS,,6.90,6.07,0.106,FALSE,FALSE,NA,NA,,FALSE,NA,NA,
2,T1,0282,HS_RI_LL_05_0282,RI,littorina_littorea,HS,,10.71,8.53,0.361,TRUE,FALSE,NA,NA,,TRUE,15:42,NA,
2,T1,0285,HS_MA_LO_02_0285,MA,littorina_obtusata,HS,,5.19,5.94,0.082,FALSE,FALSE,NA,NA,,FALSE,NA,NA,
2,T3,0287,NT_RI_LL_02_0287,RI,littorina_littorea,NT,,13.57,11.87,0.891,TRUE,TRUE,NA,NA,,TRUE,10:38,NA,
2,T1,0289,HS_RI_LO_02_0289,RI,littorina_obtusata,HS,,5.01,5.91,0.087,TRUE,FALSE,NA,NA,,TRUE,15:40,NA,
2,T1,0293,CS_RI_LO_02_0293,RI,littorina_obtusata,CS,,9.74,11.65,0.678,TRUE,FALSE,NA,NA,,TRUE,14:34,NA,
2,T1,0297,CS_MA_LS_02_0297,MA,littorina_saxatilis,CS,dead,5.70,5.35,0.065,,,,,,,,,
2,T3,0300,HS_RI_LO_02_0300,RI,littorina_obtusata,HS,,11.16,11.04,0.661,FALSE,FALSE,NA,NA,,FALSE,NA,NA,
2,T3,0304,HS_RI_LL_02_0304,RI,littorina_littorea,HS,wrong spp,6.33,5.64,0.085,,,,,,,,,
2,T2,0308,CS_RI_LS_05_0308,RI,littorina_saxatilis,CS,,6.41,5.58,0.073,FALSE,FALSE,NA,NA,,FALSE,NA,NA,
2,T2,0309,NT_MA_LO_02_0309,MA,littorina_obtusata,NT,dead,6.51,6.79,0.133,,,,,,,,,
2,T1,0314,CS_MA_LO_06_0314,MA,littorina_obtusata,CS,,7.8,8.97,0.283,TRUE,FALSE,NA,NA,,TRUE,14:22,NA,
2,T2,0324,NT_MA_LS_06_0324,MA,littorina_saxatilis,NT,,3.87,3.83,0.022,TRUE,TRUE,NA,NA,,TRUE,16:20,NA,
2,T2,0333,CS_RI_LL_02_0333,RI,littorina_littorea,CS,,8.55,7.29,0.208,FALSE,FALSE,NA,NA,,FALSE,NA,NA,
2,T2,0335,CS_RI_LS_02_0335,RI,littorina_saxatilis,CS,,10.27,9.37,0.371,FALSE,FALSE,NA,NA,,FALSE,NA,NA,
2,T2,0349,NT_MA_LS_06_0349,MA,littorina_saxatilis,NT,,14.07,11.33,0.752,TRUE,TRUE,NA,NA,,TRUE,11:02,NA,
2,T1,0364,HS_MA_LO_06_0364,MA,littorina_obtusata,HS,,8.38,8.44,0.275,TRUE,FALSE,NA,NA,,TRUE,15:38,NA,
2,T2,0366,NT_MA_LS_02_0366,MA,littorina_saxatilis,NT,,9.05,7.90,0.224,TRUE,TRUE,NA,NA,,TRUE,10:45,NA,
2,T2,0368,HS_MA_LS_02_0368,MA,littorina_saxatilis,HS,dead,8.53,7.66,0.202,,,,,,,,,
2,T3,0372,NT_RI_LO_02_0372,RI,littorina_obtusata,NT,,12.55,12.29,1.069,TRUE,TRUE,NA,NA,,TRUE,16:16,NA,
2,T2,0373,CS_RI_LS_05_0373,RI,littorina_saxatilis,CS,,8.32,7.59,0.2,FALSE,FALSE,NA,NA,,FALSE,NA,NA,
2,T1,0379,NT_RI_LS_02_0379,RI,littorina_saxatilis,NT,dead,10.52,8.31,0.312,,,,,,,,,
2,T2,0386,CS_MA_LL_02_0386,MA,littorina_littorea,CS,,11.30,10.17,0.498,FALSE,FALSE,NA,NA,,FALSE,NA,NA,
2,T1,0387,NT_RI_LL_02_0387,RI,littorina_littorea,NT,,11.48,10.11,0.612,TRUE,TRUE,NA,NA,,TRUE,16:52,NA,
2,T3,0392,NT_MA_LS_06_0392,MA,littorina_saxatilis,NT,,8.14,7.29,0.159,TRUE,TRUE,NA,NA,,TRUE,16:10,NA,
2,T3,0394,NT_MA_LL_02_0394,MA,littorina_littorea,NT,,9.82,7.88,0.300,TRUE,TRUE,NA,NA,,TRUE,16:12,NA,
2,T3,0398,NT_MA_LL_02_0398,MA,littorina_littorea,NT,,10.24,9.21,0.414,TRUE,TRUE,NA,NA,,TRUE,16:21,NA,
2,T2,0404,NT_MA_LS_02_0404,MA,littorina_saxatilis,NT,dead,7.90,7.11,0.200,,,,,,,,,
2,T1,0405,NT_MA_LL_02_0405,MA,littorina_littorea,NT,,6.75,5.95,0.106,TRUE,TRUE,NA,NA,,TRUE,16:22,NA,
2,T3,0406,CS_MA_LS_02_0406,MA,littorina_saxatilis,CS,,9.92,9.08,0.335,FALSE,FALSE,NA,NA,,FALSE,NA,NA,
2,T3,0415,CS_RI_LO_02_0415,RI,littorina_obtusata,CS,,6.03,6.71,0.126,FALSE,FALSE,NA,NA,,FALSE,NA,NA,
2,T2,0416,HS_MA_LL_02_0416,MA,littorina_littorea,HS,,10.81,9.56,0.497,TRUE,TRUE,NA,NA,,TRUE,15:23,NA,
2,T3,0422,HS_RI_LL_02_0422,RI,littorina_littorea,HS,,19.21,15.92,2.554,TRUE,TRUE,NA,NA,,TRUE,15:20,NA,
2,T2,0424,CS_RI_LO_02_0424,RI,littorina_obtusata,CS,,6.12,6.68,0.150,FALSE,FALSE,NA,NA,,FALSE,NA,NA,
2,T2,0432,HS_MA_LS_02_0432,MA,littorina_saxatilis,HS,,9.59,8.32,0.248,TRUE,TRUE,NA,NA,,TRUE,15:09,NA,
2,T3,0434,NT_MA_LL_02_0434,MA,littorina_littorea,NT,,8.91,7.93,0.238,TRUE,TRUE,NA,NA,,TRUE,16:09,NA,
2,T3,0438,CS_RI_LL_02_0438,RI,littorina_littorea,CS,,16.13,14.31,1.639,TRUE,FALSE,NA,NA,,TRUE,14:32,NA,
2,T1,0439,NT_RI_LL_02_0439,RI,littorina_littorea,NT,,13.09,11.66,0.898,TRUE,TRUE,NA,NA,,TRUE,11:09,NA,
2,T1,0447,CS_MA_LO_02_0447,MA,littorina_obtusata,CS,dead,9.01,8.54,0.278,,,,,,,,,
2,T1,0451,CS_MA_LO_02_0451,MA,littorina_obtusata,CS,dead,7.34,7.80,0.182,,,,,,,,,
2,T3,0463,HS_MA_LL_02_0463,MA,littorina_littorea,HS,,8.76,7.78,0.236,TRUE,FALSE,NA,NA,,TRUE,15:52,NA,
2,T2,0470,NT_RI_LS_02_0470,RI,littorina_saxatilis,NT,,7.56,6.60,0.134,FALSE,FALSE,NA,NA,,FALSE,NA,NA,
2,T3,0471,NT_RI_LS_02_0471,RI,littorina_saxatilis,NT,dead,11.40,9.88,0.462,,,,,,,,,
2,T3,0473,CS_MA_LS_02_0473,MA,littorina_saxatilis,CS,,9.33,8.40,0.267,FALSE,FALSE,NA,NA,,FALSE,NA,NA,
2,T3,0476,NT_RI_LL_02_0476,RI,littorina_littorea,NT,,6.69,5.87,0.143,TRUE,TRUE,NA,NA,,TRUE,16:11,NA,
2,T3,0478,CS_MA_LS_02_0478,MA,littorina_saxatilis,CS,dead,9.58,8.40,0.293,,,,,,,,,
2,T3,0479,HS_MA_LO_02_0479,MA,littorina_obtusata,HS,,6.10,6.71,0.136,TRUE,FALSE,NA,NA,,TRUE,15:41,NA,
2,T2,0480,HS_MA_LO_02_0480,MA,littorina_obtusata,HS,,7.47,6.52,0.255,TRUE,FALSE,NA,NA,,TRUE,15:44,NA,
2,T2,0488,HS_RI_LO_02_0488,RI,littorina_obtusata,HS,,9.90,10.12,0.466,TRUE,FALSE,NA,NA,,TRUE,15:45,NA,
2,T3,0489,HS_MA_LS_02_0489,MA,littorina_saxatilis,HS,dead,11.06,8.46,0.324,,,,,,,,,
2,T2,0494,CS_RI_LL_02_0494,RI,littorina_littorea,CS,,11.25,9.61,0.538,FALSE,FALSE,NA,NA,,FALSE,NA,NA,
2,T1,0500,HS_RI_LO_02_0500,RI,littorina_obtusata,HS,dead,9.71,10.46,0.414,,,,,,,,,
2,T2,0501,CS_RI_LO_02_0501,RI,littorina_obtusata,CS,,4.95,5.16,0.061,TRUE,FALSE,NA,NA,,TRUE,14:23,NA,
2,T3,0503,NT_MA_LO_02_0503,MA,littorina_obtusata,NT,,7.33,7.43,0.194,TRUE,TRUE,NA,NA,,TRUE,16:18,NA,
2,T3,0521,CS_RI_LL_02_0521,RI,littorina_littorea,CS,,12.28,10.95,0.715,FALSE,FALSE,NA,NA,,FALSE,NA,NA,
2,T3,0529,CS_RI_LS_06_0529,RI,littorina_saxatilis,CS,,7.27,6.49,0.11,FALSE,FALSE,NA,NA,,FALSE,NA,NA,
2,T1,0531,NT_RI_LS_05_0531,RI,littorina_saxatilis,NT,,8.84,7.92,0.215,TRUE,TRUE,NA,NA,,TRUE,11:18,NA,
2,T1,0533,HS_MA_LO_02_0533,MA,littorina_obtusata,HS,dead,7.34,8.10,0.211,,,,,,,,,
2,T1,0536,HS_RI_LS_05_0536,RI,littorina_saxatilis,HS,,9.13,8.33,0.193,FALSE,FALSE,NA,NA,,FALSE,NA,NA,
2,T3,0548,HS_RI_LS_02_0548,RI,littorina_saxatilis,HS,,6.35,5.64,0.085,FALSE,FALSE,NA,NA,,FALSE,NA,NA,
2,T1,0553,HS_RI_LS_06_0553,RI,littorina_saxatilis,HS,,7.06,6.2,0.104,FALSE,FALSE,NA,NA,,FALSE,NA,NA,
2,T3,0558,NT_MA_LS_02_0558,MA,littorina_saxatilis,NT,dead,6.23,5.90,0.075,,,,,,,,,
2,T2,0559,CS_MA_LO_02_0559,MA,littorina_obtusata,CS,dead,7.34,7.93,0.223,,,,,,,,,
2,T2,0560,CS_RI_LO_02_0560,RI,littorina_obtusata,CS,,5.87,6.26,0.117,FALSE,FALSE,NA,NA,,FALSE,NA,NA,
2,T1,0565,HS_MA_LO_06_0565,MA,littorina_obtusata,HS,,6.6,7.31,0.169,TRUE,FALSE,NA,NA,,TRUE,15:31,NA,
2,T1,0571,CS_MA_LO_06_0571,MA,littorina_obtusata,CS,,9.32,10.29,0.417,TRUE,FALSE,NA,NA,,TRUE,14:13,NA,
2,T1,0578,NT_RI_LS_02_0578,RI,littorina_saxatilis,NT,dead,8.57,7.23,0.166,,,,,,,,,
2,T2,0585,NT_RI_LL_05_0585,RI,littorina_littorea,NT,,13.11,12.28,0.853,TRUE,TRUE,NA,NA,,TRUE,16:48,NA,
2,T2,0586,HS_RI_LL_02_0586,RI,littorina_littorea,HS,wrong spp,21.31,17.23,2.867,,,,,,,,,
2,T1,0593,HS_MA_LS_05_0593,MA,littorina_saxatilis,HS,,8.1,6.66,0.153,FALSE,FALSE,NA,NA,,FALSE,NA,NA,
2,T2,0594,NT_RI_LO_02_0594,RI,littorina_obtusata,NT,,12.00,12.42,0.857,TRUE,TRUE,NA,NA,,TRUE,16:38,NA,
2,T2,0599,NT_RI_LL_02_0599,RI,littorina_littorea,NT,,12.94,11.15,0.802,TRUE,TRUE,NA,NA,,TRUE,11:35,NA,
2,T3,0602,CS_RI_LO_05_0602,RI,littorina_obtusata,CS,,5.64,5.94,0.11,FALSE,FALSE,NA,NA,,FALSE,NA,NA,
2,T1,0605,HS_MA_LL_02_0605,MA,littorina_littorea,HS,,9.83,8.71,0.342,TRUE,TRUE,NA,NA,,TRUE,14:52,NA,
2,T1,0615,NT_RI_LS_05_0615,RI,littorina_saxatilis,NT,,7.59,6.45,0.106,FALSE,FALSE,NA,NA,,FALSE,NA,NA,
2,T3,0620,HS_MA_LL_02_0620,MA,littorina_littorea,HS,,12.61,10.89,0.674,FALSE,FALSE,NA,NA,,FALSE,NA,NA,
2,T2,0622,NT_RI_LO_02_0622,RI,littorina_obtusata,NT,,6.03,6.77,0.140,TRUE,TRUE,NA,NA,,TRUE,16:27,NA,
2,T2,0638,HS_RI_LS_06_0638,RI,littorina_saxatilis,HS,,9.18,7.95,0.27,TRUE,FALSE,NA,NA,,TRUE,15:55,NA,
2,T2,0647,HS_MA_LO_02_0647,MA,littorina_obtusata,HS,dead,6.46,6.23,0.137,,,,,,,,,
2,T3,0652,CS_RI_LS_02_0652,RI,littorina_saxatilis,CS,dead,7.95,6.64,0.139,,,,,,,,,
2,T2,0660,CS_RI_LS_02_0660,RI,littorina_saxatilis,CS,,7.31,6.81,0.124,FALSE,FALSE,NA,NA,,FALSE,NA,NA,
2,T3,0663,NT_RI_LO_02_0663,RI,littorina_obtusata,NT,dead,7.91,8.65,0.319,,,,,,,,,
2,T2,0665,CS_RI_LS_02_0665,RI,littorina_saxatilis,CS,,9.52,8.17,0.243,FALSE,FALSE,NA,NA,,FALSE,NA,NA,
2,T3,0671,CS_MA_LO_06_0671,MA,littorina_obtusata,CS,,5.03,5.35,0.066,TRUE,FALSE,NA,NA,,TRUE,14:05,NA,
2,T2,0674,NT_MA_LO_06_0674,MA,littorina_obtusata,NT,,8.41,9.46,0.358,TRUE,TRUE,NA,NA,,TRUE,11:25,NA,
2,T1,0676,NT_MA_LL_02_0676,MA,littorina_littorea,NT,,8.99,8.04,0.274,TRUE,TRUE,NA,NA,,TRUE,11:22,NA,
2,T1,0677,HS_RI_LL_02_0677,RI,littorina_littorea,HS,,8.61,7.07,0.263,TRUE,FALSE,NA,NA,,TRUE,15:33,NA,
2,T3,0681,CS_MA_LS_06_0681,MA,littorina_saxatilis,CS,,8.24,7.38,0.172,FALSE,FALSE,NA,NA,,FALSE,NA,NA,
2,T1,0687,CS_MA_LL_02_0687,MA,littorina_littorea,CS,,13.15,11.45,0.729,FALSE,FALSE,NA,NA,,FALSE,NA,NA,
2,T3,0694,NT_RI_LS_02_0694,RI,littorina_saxatilis,NT,dead,5.87,5.23,0.069,,,,,,,,,
2,T2,0698,HS_MA_LS_02_0698,MA,littorina_saxatilis,HS,,9.68,8.19,0.303,TRUE,FALSE,NA,NA,,TRUE,15:32,NA,
2,T3,0704,HS_MA_LS_02_0704,MA,littorina_saxatilis,HS,,6.33,6.05,0.087,TRUE,TRUE,NA,NA,,TRUE,14:58,NA,
2,T1,0709,CS_RI_LO_05_0709,RI,littorina_obtusata,CS,,9.57,9.39,0.832,TRUE,FALSE,NA,NA,,TRUE,14:04,NA,
2,T1,0713,HS_MA_LS_02_0713,MA,littorina_saxatilis,HS,dead,4.76,4.08,0.037,,,,,,,,,
2,T2,0719,HS_RI_LS_06_0719,RI,littorina_saxatilis,HS,,10.43,8.71,0.305,TRUE,FALSE,NA,NA,,TRUE,15:35,NA,
2,T3,0726,NT_MA_LO_02_0726,MA,littorina_obtusata,NT,dead,7.73,8.74,0.240,,,,,,,,,
2,T2,0727,HS_RI_LO_02_0727,RI,littorina_obtusata,HS,wrong spp,4.53,4.39,0.034,,,,,,,,,
2,T3,0731,HS_MA_LS_06_0731,MA,littorina_saxatilis,HS,,8.13,7.37,0.167,TRUE,FALSE,NA,NA,,TRUE,14:50,NA,
2,T1,0735,HS_RI_LL_02_0735,RI,littorina_littorea,HS,,8.59,7.65,0.249,TRUE,TRUE,NA,NA,,TRUE,14:55,NA,
2,T1,0740,CS_MA_LS_06_0740,MA,littorina_saxatilis,CS,,6.49,6.01,0.108,TRUE,FALSE,NA,NA,,TRUE,14:11,NA,
2,T1,0743,NT_RI_LO_02_0743,RI,littorina_obtusata,NT,,4.67,5.58,0.088,TRUE,TRUE,NA,NA,,TRUE,11:23,NA,
2,T2,0745,NT_RI_LS_02_0745,RI,littorina_saxatilis,NT,,8.81,7.67,0.220,TRUE,TRUE,NA,NA,,TRUE,16:41,NA,
2,T3,0746,CS_RI_LO_02_0746,RI,littorina_obtusata,CS,dead,7.33,7.50,0.231,,,,,,,,,
2,T2,0748,CS_MA_LO_02_0748,MA,littorina_obtusata,CS,dead,8.27,8.11,0.248,,,,,,,,,
2,T1,0756,NT_RI_LO_02_0756,RI,littorina_obtusata,NT,dead,9.66,10.43,0.585,,,,,,,,,
2,T2,0760,HS_RI_LO_02_0760,RI,littorina_obtusata,HS,,6.63,7.06,0.188,TRUE,TRUE,NA,NA,,TRUE,15:07,NA,
2,T1,0764,HS_MA_LO_06_0764,MA,littorina_obtusata,HS,,10.57,11.78,0.582,FALSE,FALSE,NA,NA,,FALSE,NA,NA,
2,T3,0774,HS_MA_LS_02_0774,MA,littorina_saxatilis,HS,,6.11,5.62,0.062,FALSE,FALSE,NA,NA,,FALSE,NA,NA,
2,T1,0778,HS_RI_LS_02_0778,RI,littorina_saxatilis,HS,,9.09,7.38,0.193,FALSE,FALSE,NA,NA,,FALSE,NA,NA,
2,T1,0792,HS_RI_LO_02_0792,RI,littorina_obtusata,HS,dead,6.40,6.82,0.151,,,,,,,,,
2,T1,0794,HS_RI_LS_02_0794,RI,littorina_saxatilis,HS,dead,4.43,4.09,0.026,,,,,,,,,
2,T2,0797,CS_MA_LL_02_0797,MA,littorina_littorea,CS,,13.56,12.15,0.970,FALSE,FALSE,NA,NA,,FALSE,NA,NA,
2,T2,0798,CS_MA_LL_02_0798,MA,littorina_littorea,CS,,11.21,10.14,0.524,FALSE,FALSE,NA,NA,,FALSE,NA,NA,
2,T2,0804,HS_RI_LO_05_0804,RI,littorina_obtusata,HS,,3.1,4.04,0.044,TRUE,FALSE,NA,NA,,TRUE,15:30,NA,
2,T3,0813,NT_MA_LO_02_0813,MA,littorina_obtusata,NT,,10.37,11.03,0.568,TRUE,TRUE,NA,NA,,TRUE,11:21,NA,
2,T2,0824,NT_MA_LS_02_0824,MA,littorina_saxatilis,NT,,9.90,8.50,0.299,TRUE,TRUE,NA,NA,,TRUE,16:35,NA,
2,T1,0828,CS_MA_LS_05_0828,MA,littorina_saxatilis,CS,,7.48,6.6,0.12,TRUE,TRUE,NA,NA,,TRUE,13:57,NA,
2,T3,0832,NT_MA_LS_02_0832,MA,littorina_saxatilis,NT,,6.67,6.08,0.095,TRUE,TRUE,NA,NA,,TRUE,16:26,NA,
2,T1,0834,NT_MA_LS_02_0834,MA,littorina_saxatilis,NT,,7.58,6.90,0.136,TRUE,TRUE,NA,NA,,TRUE,11:27,NA,
2,T2,0836,NT_MA_LL_02_0836,MA,littorina_littorea,NT,,11.69,10.41,0.597,TRUE,TRUE,NA,NA,,TRUE,11:30,NA,
2,T3,0838,NT_MA_LO_06_0838,MA,littorina_obtusata,NT,,7.4,7.68,0.211,TRUE,TRUE,NA,NA,,TRUE,16:49,NA,
2,T3,0842,CS_MA_LS_02_0842,MA,littorina_saxatilis,CS,,10.56,8.81,0.295,FALSE,FALSE,NA,NA,,FALSE,NA,NA,
2,T1,0843,CS_MA_LO_06_0843,MA,littorina_obtusata,CS,,8.89,9.13,0.313,FALSE,FALSE,NA,NA,,FALSE,NA,NA,
2,T2,0845,HS_RI_LL_02_0845,RI,littorina_littorea,HS,,10.99,10.17,0.505,TRUE,FALSE,NA,NA,,TRUE,15:29,NA,
2,T2,0848,CS_RI_LL_02_0848,RI,littorina_littorea,CS,,8.47,7.35,0.215,TRUE,FALSE,NA,NA,,TRUE,14:02,NA,
2,T2,0849,NT_RI_LL_02_0849,RI,littorina_littorea,NT,wrong spp,5.59,5.27,0.057,,,,,,,,,
2,T3,0858,NT_RI_LS_02_0858,RI,littorina_saxatilis,NT,dead,8.78,7.59,0.163,,,,,,,,,
2,T2,0868,CS_RI_LL_05_0868,RI,littorina_littorea,CS,,12.35,10.86,0.671,FALSE,FALSE,NA,NA,,FALSE,NA,NA,
2,T1,0876,HS_MA_LL_02_0876,MA,littorina_littorea,HS,,10.63,9.38,0.422,TRUE,FALSE,NA,NA,,TRUE,15:34,NA,
2,T2,0883,CS_RI_LL_02_0883,RI,littorina_littorea,CS,wrong spp,5.28,3.92,0.053,,,,,,,,,
2,T1,0886,CS_MA_LO_02_0886,MA,littorina_obtusata,CS,dead,9.09,9.31,0.356,,,,,,,,,
2,T2,0889,CS_RI_LS_02_0889,RI,littorina_saxatilis,CS,,5.29,4.88,0.048,TRUE,FALSE,NA,NA,,TRUE,14:37,NA,
2,T3,0893,NT_RI_LS_02_0893,RI,littorina_saxatilis,NT,,6.65,5.73,0.078,TRUE,TRUE,NA,NA,,TRUE,16:34,NA,
2,T2,0903,NT_MA_LO_02_0903,MA,littorina_obtusata,NT,dead,7.66,7.63,0.181,,,,,,,,,
2,T3,0904,HS_MA_LL_02_0904,MA,littorina_littorea,HS,,11.24,9.93,0.509,TRUE,TRUE,NA,NA,,TRUE,14:57,NA,
2,T1,0905,NT_MA_LO_05_0905,MA,littorina_obtusata,NT,,8.38,9.27,0.319,TRUE,TRUE,NA,NA,,TRUE,16:49,NA,
2,T3,0909,HS_MA_LO_02_0909,MA,littorina_obtusata,HS,,6.41,6.59,0.156,FALSE,FALSE,NA,NA,,FALSE,NA,NA,
2,T3,0910,CS_RI_LL_02_0910,RI,littorina_littorea,CS,,9.98,8.60,0.365,FALSE,FALSE,NA,NA,,FALSE,NA,NA,
2,T3,0924,CS_RI_LO_02_0924,RI,littorina_obtusata,CS,,8.78,10.55,0.455,TRUE,FALSE,NA,NA,,TRUE,14:38,NA,
2,T2,0935,HS_RI_LS_02_0935,RI,littorina_saxatilis,HS,dead,9.60,8.64,0.278,,,,,,,,,
2,T1,0937,NT_MA_LO_02_0937,MA,littorina_obtusata,NT,,7.85,7.72,0.224,TRUE,TRUE,NA,NA,,TRUE,11:15,NA,
2,T2,0938,NT_RI_LS_02_0938,RI,littorina_saxatilis,NT,dead,7.54,6.04,0.120,,,,,,,,,
2,T1,0941,HS_RI_LS_02_0941,RI,littorina_saxatilis,HS,dead,10.69,10.11,0.425,,,,,,,,,
2,T3,0943,CS_RI_LO_02_0943,RI,littorina_obtusata,CS,dead,6.53,7.13,0.164,,,,,,,,,
2,T1,0946,NT_MA_LL_02_0946,MA,littorina_littorea,NT,,10.13,9.00,0.328,TRUE,TRUE,NA,NA,,TRUE,16:31,NA,
2,T1,0947,NT_RI_LO_05_0947,RI,littorina_obtusata,NT,,4.38,4.82,0.077,TRUE,TRUE,NA,NA,,TRUE,16:32,NA,
2,T3,0949,NT_MA_LL_02_0949,MA,littorina_littorea,NT,,8.30,7.16,0.212,TRUE,TRUE,NA,NA,,TRUE,16:28,NA,
2,T3,0960,CS_MA_LO_06_0960,MA,littorina_obtusata,CS,,8.11,9.38,0.302,TRUE,FALSE,NA,NA,,TRUE,14:39,NA,
2,T1,0963,HS_RI_LO_02_0963,RI,littorina_obtusata,HS,dead,8.29,11.54,0.571,,,,,,,,,
2,T1,0976,HS_MA_LL_02_0976,MA,littorina_littorea,HS,,12.38,10.58,0.610,TRUE,TRUE,NA,NA,,TRUE,15:06,NA,
2,T3,0979,NT_RI_LO_05_0979,RI,littorina_obtusata,NT,,10.29,11.19,0.631,TRUE,TRUE,NA,NA,,TRUE,16:39,NA,
2,T1,0981,NT_RI_LO_02_0981,RI,littorina_obtusata,NT,,10.14,10.72,0.646,TRUE,TRUE,NA,NA,,TRUE,11:20,NA,
2,T1,0992,HS_MA_LS_05_0992,MA,littorina_saxatilis,HS,,6.4,5.78,0.077,FALSE,FALSE,NA,NA,,FALSE,NA,NA,
2,T3,0996,NT_RI_LS_06_0996,RI,littorina_saxatilis,NT,,5.98,5.33,0.063,TRUE,TRUE,NA,NA,,TRUE,16:29,NA,
2,T2,0998,HS_MA_LO_06_0998,MA,littorina_obtusata,HS,,9.05,9.51,0.338,TRUE,FALSE,NA,NA,,TRUE,15:54,NA,
2,T2,1004,CS_MA_LL_02_1004,MA,littorina_littorea,CS,,6.31,4.06,0.063,FALSE,FALSE,NA,NA,,FALSE,NA,NA,
2,T1,1005,CS_MA_LS_02_1005,MA,littorina_saxatilis,CS,,6.64,5.83,0.077,TRUE,FALSE,NA,NA,,TRUE,14:08,NA,
2,T1,1006,HS_RI_LL_02_1006,RI,littorina_littorea,HS,dead,7.35,6.29,0.150,,,,,,,,,
2,T3,1013,HS_MA_LO_02_1013,MA,littorina_obtusata,HS,,4.64,5.76,0.082,TRUE,TRUE,NA,NA,,TRUE,14:56,NA,
2,T2,1016,HS_MA_LL_02_1016,MA,littorina_littorea,HS,,13.67,11.98,0.866,TRUE,TRUE,NA,NA,,TRUE,15:03,NA,
2,T3,1017,NT_MA_LS_02_1017,MA,littorina_saxatilis,NT,,9.69,8.32,0.290,TRUE,TRUE,NA,NA,,TRUE,16:30,NA,
2,T3,1023,NT_RI_LS_06_1023,RI,littorina_saxatilis,NT,,6.06,5.15,0.073,TRUE,TRUE,NA,NA,,TRUE,16:31,NA,
2,T1,1024,NT_MA_LO_05_1024,MA,littorina_obtusata,NT,,6.62,7.02,0.149,TRUE,TRUE,NA,NA,,TRUE,16:33,NA,
2,T3,1028,HS_RI_LL_05_1028,RI,littorina_littorea,HS,,10.42,9.09,0.376,TRUE,FALSE,NA,NA,,TRUE,15:53,NA,
2,T1,1038,CS_MA_LO_06_1038,MA,littorina_obtusata,CS,,5.22,5.87,0.09,TRUE,FALSE,NA,NA,,TRUE,14:07,NA,
2,T3,1050,HS_RI_LS_02_1050,RI,littorina_saxatilis,HS,dead,7.47,6.74,0.119,,,,,,,,,
2,T1,1058,HS_RI_LL_06_1058,RI,littorina_littorea,HS,,11.71,11.14,0.73,TRUE,FALSE,NA,NA,,TRUE,15:36,NA,
2,T3,1060,HS_RI_LS_06_1060,RI,littorina_saxatilis,HS,,7.91,6.64,0.112,TRUE,TRUE,NA,NA,,TRUE,15:05,NA,
2,T3,1064,CS_MA_LL_02_1064,MA,littorina_littorea,CS,,14.87,13.04,1.127,FALSE,FALSE,NA,NA,,FALSE,NA,NA,
2,T2,1069,CS_MA_LS_02_1069,MA,littorina_saxatilis,CS,,11.43,9.36,0.422,TRUE,FALSE,NA,NA,,TRUE,14:09,NA,
2,T3,1072,CS_RI_LL_02_1072,RI,littorina_littorea,CS,,10.51,8.82,0.402,FALSE,FALSE,NA,NA,,FALSE,NA,NA,
2,T1,1075,NT_MA_LO_02_1075,MA,littorina_obtusata,NT,dead,5.10,5.37,0.067,,,,,,,,,
3,T1,0009,NT_RI_LS_03_0009,RI,littorina_saxatilis,NT,dead,7.23,6.15,0.166,,,,,,FALSE,,,
3,T3,0012,CS_RI_LL_03_0012,RI,littorina_littorea,CS,,10.01,7.71,0.364,TRUE,FALSE,NA,NA,NA,FALSE,NA,NA,
3,T2,0018,HS_MA_LO_03_0018,MA,littorina_obtusata,HS,,4.86,5.40,0.060,TRUE,TRUE,NA,NA,1,TRUE,NA,15,
3,T2,0024,NT_MA_LL_03_0024,MA,littorina_littorea,NT,,8.28,7.35,0.204,TRUE,TRUE,NA,NA,1,TRUE,NA,15,
3,T3,0027,CS_MA_LL_05_0027,MA,littorina_littorea,CS,,9.37,8.52,0.309,FALSE,FALSE,NA,NA,NA,FALSE,NA,NA,
3,T3,0028,HS_RI_LO_03_0028,RI,littorina_obtusata,HS,,4.79,5.64,0.085,TRUE,TRUE,NA,NA,1,TRUE,NA,20,
3,T3,0030,CS_MA_LO_03_0030,MA,littorina_obtusata,CS,dead,6.72,7.09,0.170,,,,,,FALSE,,,
3,T3,0032,NT_RI_LS_03_0032,RI,littorina_saxatilis,NT,dead,7.20,5.18,0.101,,,,,,FALSE,,,
3,T1,0040,HS_RI_LL_03_0040,RI,littorina_littorea,HS,,12.83,11.25,0.729,TRUE,TRUE,NA,NA,1,TRUE,NA,39,
3,T1,0044,NT_MA_LO_03_0044,MA,littorina_obtusata,NT,,5.67,4.83,0.118,TRUE,TRUE,NA,NA,1,TRUE,NA,22,
3,T2,0046,CS_MA_LL_03_0046,MA,littorina_littorea,CS,,14.40,12.83,1.050,TRUE,FALSE,NA,NA,NA,FALSE,NA,NA,
3,T1,0049,NT_MA_LS_05_0049,MA,littorina_saxatilis,NT,,6.29,5.53,0.081,TRUE,TRUE,NA,NA,1,TRUE,NA,17,
3,T3,0057,NT_RI_LL_03_0057,RI,littorina_littorea,NT,,11.20,10.02,0.487,TRUE,TRUE,NA,NA,1,TRUE,NA,41,
3,T2,0060,NT_MA_LS_03_0060,MA,littorina_saxatilis,NT,,5.41,4.85,0.052,TRUE,TRUE,NA,NA,1,TRUE,NA,11,
3,T2,0061,NT_MA_LL_03_0061,MA,littorina_littorea,NT,,8.05,7.17,0.174,TRUE,TRUE,NA,NA,1,TRUE,NA,49,
3,T3,0064,NT_RI_LS_04_0064,RI,littorina_saxatilis,NT,,9.94,8.67,0.254,TRUE,TRUE,NA,NA,1,TRUE,NA,50,
3,T1,0073,HS_RI_LO_03_0073,RI,littorina_obtusata,HS,,4.45,4.38,0.068,TRUE,TRUE,NA,NA,1,TRUE,NA,32,
3,T3,0074,HS_MA_LS_03_0074,MA,littorina_saxatilis,HS,,11.69,9.33,0.419,FALSE,FALSE,NA,NA,NA,FALSE,NA,NA,
3,T2,0087,NT_RI_LL_03_0087,RI,littorina_littorea,NT,,11.40,10.46,0.598,TRUE,TRUE,NA,NA,1,TRUE,NA,57,
3,T1,0102,CS_RI_LS_05_0102,RI,littorina_saxatilis,CS,dead,6.85,6.29,0.121,,,,,,FALSE,,,
3,T3,0105,NT_MA_LS_03_0105,MA,littorina_saxatilis,NT,,9.17,7.75,0.208,TRUE,TRUE,NA,NA,1,TRUE,NA,33,
3,T1,0118,CS_RI_LO_03_0118,RI,littorina_obtusata,CS,,5.17,4.41,0.080,TRUE,FALSE,NA,NA,NA,FALSE,NA,NA,
3,T1,0123,CS_RI_LO_03_0123,RI,littorina_obtusata,CS,dead,9.30,9.43,0.710,,,,,,FALSE,,,
3,T3,0127,NT_RI_LL_03_0127,RI,littorina_littorea,NT,,10.28,7.46,0.441,TRUE,TRUE,NA,NA,1,TRUE,NA,32,
3,T3,0136,NT_MA_LO_03_0136,MA,littorina_obtusata,NT,,7.65,8.22,0.245,TRUE,TRUE,NA,NA,1,TRUE,NA,25,
3,T3,0138,HS_RI_LL_03_0138,RI,littorina_littorea,HS,,11.94,10.96,0.719,TRUE,TRUE,NA,NA,1,TRUE,NA,5,
3,T3,0142,HS_MA_LO_03_0142,MA,littorina_obtusata,HS,dead,4.12,4.72,0.051,,,,,,FALSE,,,
3,T2,0144,NT_MA_LS_03_0144,MA,littorina_saxatilis,NT,,5.43,4.56,0.047,TRUE,TRUE,NA,NA,1,TRUE,NA,3,
3,T1,0146,CS_RI_LS_03_0146,RI,littorina_saxatilis,CS,,10.62,8.41,0.410,FALSE,FALSE,NA,NA,NA,FALSE,NA,NA,
3,T2,0147,CS_MA_LO_03_0147,MA,littorina_obtusata,CS,,7.02,7.39,0.191,TRUE,TRUE,NA,NA,2,TRUE,NA,14,
3,T1,0152,HS_RI_LO_03_0152,RI,littorina_obtusata,HS,dead,5.94,5.82,0.138,,,,,,FALSE,,,
3,T1,0160,NT_MA_LO_03_0160,MA,littorina_obtusata,NT,,5.45,4.98,0.089,TRUE,TRUE,NA,NA,1,TRUE,NA,52,
3,T2,0174,CS_MA_LL_03_0174,MA,littorina_littorea,CS,,10.58,9.10,0.420,FALSE,FALSE,NA,NA,NA,FALSE,NA,NA,
3,T3,0175,NT_RI_LL_03_0175,RI,littorina_littorea,NT,,14.47,12.35,1.006,TRUE,TRUE,NA,NA,1,TRUE,NA,36,
3,T3,0176,HS_RI_LO_03_0176,RI,littorina_obtusata,HS,,7.46,9.78,0.395,TRUE,TRUE,NA,NA,1,TRUE,NA,14,
3,T1,0179,HS_RI_LL_03_0179,RI,littorina_littorea,HS,,11.62,10.29,0.597,TRUE,TRUE,NA,NA,1,TRUE,NA,33,
3,T2,0180,CS_MA_LS_03_0180,MA,littorina_saxatilis,CS,dead,11.25,9.45,0.407,,,,,,FALSE,,,
3,T1,0181,NT_MA_LL_03_0181,MA,littorina_littorea,NT,,9.39,6.97,0.270,TRUE,TRUE,NA,NA,1,TRUE,NA,47,
3,T2,0191,HS_RI_LL_04_0191,RI,littorina_littorea,HS,,14.16,12.79,1.086,TRUE,TRUE,NA,NA,1,TRUE,NA,11,
3,T1,0194,HS_MA_LL_03_0194,MA,littorina_littorea,HS,,9.21,6.20,0.295,TRUE,TRUE,NA,NA,1,TRUE,NA,2,
3,T3,0195,HS_MA_LL_03_0195,MA,littorina_littorea,HS,,8.35,7.57,0.229,TRUE,TRUE,NA,NA,1,TRUE,NA,21,
3,T2,0201,NT_RI_LS_03_0201,RI,littorina_saxatilis,NT,dead,8.61,7.74,0.166,,,,,,FALSE,,,
3,T3,0203,CS_MA_LL_03_0203,MA,littorina_littorea,CS,,8.94,7.75,0.263,TRUE,TRUE,NA,NA,2,TRUE,NA,7,
3,T2,0204,CS_RI_LL_04_0204,RI,littorina_littorea,CS,,12.47,11.19,0.695,TRUE,FALSE,NA,NA,NA,FALSE,NA,NA,
3,T2,0205,HS_RI_LL_04_0205,RI,littorina_littorea,HS,,11.93,10.54,0.612,TRUE,TRUE,NA,NA,1,TRUE,NA,18,
3,T1,0206,HS_RI_LO_03_0206,RI,littorina_obtusata,HS,,7.71,10.80,0.601,TRUE,TRUE,NA,NA,1,TRUE,NA,47,
3,T2,0209,NT_RI_LO_03_0209,RI,littorina_obtusata,NT,dead,8.79,9.35,0.340,,,,,,FALSE,,,
3,T2,0215,HS_RI_LS_03_0215,RI,littorina_saxatilis,HS,dead,6.49,5.75,0.078,,,,,,FALSE,,,
3,T3,0220,CS_MA_LO_03_0220,MA,littorina_obtusata,CS,dead,6.50,6.72,0.132,,,,,,FALSE,,,
3,T2,0222,NT_MA_LS_03_0222,MA,littorina_saxatilis,NT,,5.63,4.98,0.044,TRUE,TRUE,NA,NA,1,TRUE,NA,34,
3,T2,0223,NT_RI_LS_04_0223,RI,littorina_saxatilis,NT,,7.58,5.33,0.165,TRUE,TRUE,NA,NA,1,TRUE,NA,42,
3,T3,0226,HS_MA_LO_03_0226,MA,littorina_obtusata,HS,,7.67,8.39,0.224,TRUE,TRUE,NA,NA,1,TRUE,NA,28,
3,T3,0229,NT_RI_LS_05_0229,RI,littorina_saxatilis,NT,dead,9.93,8.77,0.388,,,,,,FALSE,,,
3,T2,0253,HS_RI_LO_03_0253,RI,littorina_obtusata,HS,,4.29,4.65,0.055,TRUE,TRUE,NA,NA,1,TRUE,NA,42,
3,T1,0259,NT_RI_LS_04_0259,RI,littorina_saxatilis,NT,,7.07,6.19,0.114,TRUE,TRUE,NA,NA,1,TRUE,NA,58,
3,T1,0265,HS_MA_LS_03_0265,MA,littorina_saxatilis,HS,,6.07,5.45,0.108,TRUE,TRUE,NA,NA,1,TRUE,NA,16,
3,T3,0272,NT_RI_LS_03_0272,RI,littorina_saxatilis,NT,dead,5.52,4.27,0.036,,,,,,FALSE,,,
3,T3,0294,CS_MA_LO_05_0294,MA,littorina_obtusata,CS,,4.58,4.97,0.05,TRUE,TRUE,NA,NA,1,TRUE,NA,13,
3,T2,0298,CS_RI_LO_03_0298,RI,littorina_obtusata,CS,,7.07,7.41,0.223,TRUE,FALSE,NA,NA,NA,FALSE,NA,NA,
3,T1,0299,HS_MA_LS_04_0299,MA,littorina_saxatilis,HS,,6.63,5.95,0.107,TRUE,TRUE,NA,NA,1,TRUE,NA,13,
3,T1,0302,HS_RI_LL_03_0302,RI,littorina_littorea,HS,,9.70,8.18,0.327,TRUE,TRUE,NA,NA,1,TRUE,NA,4,
3,T1,0303,HS_MA_LO_03_0303,MA,littorina_obtusata,HS,,5.63,5.01,0.109,TRUE,TRUE,NA,NA,1,TRUE,NA,19,
3,T2,0306,NT_RI_LS_03_0306,RI,littorina_saxatilis,NT,dead,8.36,7.66,0.182,,,,,,FALSE,,,
3,T2,0312,NT_RI_LS_04_0312,RI,littorina_saxatilis,NT,,8.76,7.3,0.187,TRUE,TRUE,NA,NA,1,TRUE,NA,6,
3,T2,0316,CS_RI_LS_03_0316,RI,littorina_saxatilis,CS,,9.99,7.44,0.301,FALSE,FALSE,NA,NA,NA,FALSE,NA,NA,
3,T3,0318,CS_MA_LO_05_0318,MA,littorina_obtusata,CS,,7.14,7.46,0.204,TRUE,TRUE,NA,NA,1,TRUE,NA,11,
3,T1,0325,HS_RI_LS_03_0325,RI,littorina_saxatilis,HS,,7.54,5.22,0.127,TRUE,TRUE,NA,NA,1,TRUE,NA,6,
3,T1,0330,HS_RI_LS_05_0330,RI,littorina_saxatilis,HS,,5.17,4.19,0.037,TRUE,FALSE,NA,NA,NA,FALSE,NA,NA,
3,T1,0332,NT_RI_LL_03_0332,RI,littorina_littorea,NT,,10.71,9.29,0.481,TRUE,TRUE,NA,NA,1,TRUE,NA,12,
3,T1,0339,NT_MA_LL_03_0339,MA,littorina_littorea,NT,,8.37,6.95,0.206,TRUE,TRUE,NA,NA,1,TRUE,NA,51,
3,T2,0344,NT_RI_LS_04_0344,RI,littorina_saxatilis,NT,,7.7,6.55,0.157,TRUE,TRUE,NA,NA,1,TRUE,NA,54,dropped
3,T3,0346,NT_RI_LO_05_0346,RI,littorina_obtusata,NT,,4.56,4.72,0.054,TRUE,TRUE,NA,NA,1,TRUE,NA,44,
3,T1,0348,NT_RI_LO_03_0348,RI,littorina_obtusata,NT,,6.46,5.56,0.231,TRUE,TRUE,NA,NA,1,TRUE,NA,21,
3,T3,0350,NT_RI_LL_03_0350,RI,littorina_littorea,NT,,10.94,9.26,0.451,TRUE,TRUE,NA,NA,1,TRUE,NA,48,
3,T2,0352,NT_MA_LL_03_0352,MA,littorina_littorea,NT,,11.41,9.88,0.524,TRUE,TRUE,NA,NA,1,TRUE,NA,26,
3,T3,0355,CS_MA_LO_04_0355,MA,littorina_obtusata,CS,,6.02,6.68,0.13,TRUE,FALSE,NA,NA,NA,FALSE,NA,NA,
3,T2,0369,CS_RI_LO_03_0369,RI,littorina_obtusata,CS,dead,11.13,11.88,0.760,,,,,,FALSE,,,
3,T1,0378,HS_MA_LL_05_0378,MA,littorina_littorea,HS,"wrong spp, orig. labeled littorina_saxatilis",21.3,17.74,3.033,,,,,,FALSE,,,
3,T3,0381,NT_RI_LO_03_0381,RI,littorina_obtusata,NT,,5.01,5.99,0.072,TRUE,TRUE,NA,NA,1,FALSE,NA,18,
3,T3,0382,CS_MA_LO_03_0382,MA,littorina_obtusata,CS,,6.39,6.58,0.147,TRUE,FALSE,NA,NA,NA,FALSE,NA,NA,
3,T3,0384,CS_MA_LO_05_0384,MA,littorina_obtusata,CS,,5.47,6.11,0.1,TRUE,TRUE,NA,NA,3,TRUE,NA,3,
3,T1,0389,CS_MA_LS_04_0389,MA,littorina_saxatilis,CS,,10.65,6,0.266,TRUE,FALSE,NA,NA,NA,FALSE,NA,NA,
3,T1,0401,NT_MA_LS_03_0401,MA,littorina_saxatilis,NT,dead,10.19,7.00,0.347,,,,,,FALSE,,,
3,T3,0409,HS_MA_LO_03_0409,MA,littorina_obtusata,HS,,4.60,5.12,0.063,TRUE,TRUE,NA,NA,1,TRUE,NA,40,
3,T1,0411,HS_RI_LL_04_0411,RI,littorina_littorea,HS,,10.37,8.68,0.354,TRUE,TRUE,NA,NA,1,TRUE,NA,37,
3,T2,0413,CS_RI_LO_03_0413,RI,littorina_obtusata,CS,,7.62,9.17,0.452,TRUE,FALSE,NA,NA,NA,FALSE,NA,NA,
3,T3,0417,CS_RI_LS_03_0417,RI,littorina_saxatilis,CS,dead,9.03,7.62,0.223,,,,,,FALSE,,,
3,T1,0418,NT_MA_LO_03_0418,MA,littorina_obtusata,NT,,6.87,5.70,0.280,TRUE,TRUE,NA,NA,1,TRUE,NA,19,
3,T3,0423,NT_RI_LS_04_0423,RI,littorina_saxatilis,NT,,8.4,6.85,0.151,TRUE,TRUE,NA,NA,1,TRUE,NA,28,
3,T1,0427,NT_MA_LS_04_0427,MA,littorina_saxatilis,NT,,5.09,3.26,0.056,TRUE,TRUE,NA,NA,1,TRUE,NA,2,
3,T3,0428,CS_RI_LS_03_0428,RI,littorina_saxatilis,CS,dead,9.49,6.88,0.253,,,,,,FALSE,,,
3,T3,0433,HS_RI_LL_03_0433,RI,littorina_littorea,HS,,16.47,14.16,1.599,TRUE,TRUE,NA,NA,1,TRUE,NA,31,
3,T1,0436,CS_RI_LO_04_0436,RI,littorina_obtusata,CS,,6.07,6.42,0.132,TRUE,FALSE,NA,NA,NA,FALSE,NA,NA,
3,T2,0448,HS_MA_LS_04_0448,MA,littorina_saxatilis,HS,,8.85,7.83,0.228,TRUE,TRUE,NA,NA,1,TRUE,NA,44,
3,T1,0450,HS_RI_LS_04_0450,RI,littorina_saxatilis,HS,,6.67,5.86,0.094,TRUE,FALSE,NA,NA,NA,FALSE,NA,NA,
3,T2,0455,HS_MA_LL_03_0455,MA,littorina_littorea,HS,,14.59,13.41,1.261,TRUE,TRUE,NA,NA,1,TRUE,NA,49,
3,T2,0456,NT_MA_LO_03_0456,MA,littorina_obtusata,NT,,8.10,8.94,0.275,TRUE,TRUE,NA,NA,1,FALSE,NA,30,
3,T1,0457,CS_RI_LS_03_0457,RI,littorina_saxatilis,CS,dead,8.91,4.65,0.227,,,,,,FALSE,,,
3,T3,0459,CS_MA_LO_05_0459,MA,littorina_obtusata,CS,,9.45,9.89,0.41,FALSE,FALSE,NA,NA,NA,FALSE,NA,NA,
3,T3,0460,CS_RI_LS_05_0460,RI,littorina_saxatilis,CS,,9.29,8.3,0.235,TRUE,FALSE,NA,NA,NA,FALSE,NA,NA,
3,T3,0469,CS_MA_LO_03_0469,MA,littorina_obtusata,CS,dead,9.08,9.75,0.370,,,,,,FALSE,,,
3,T1,0472,HS_MA_LS_04_0472,MA,littorina_saxatilis,HS,,10.96,9.74,0.423,TRUE,TRUE,NA,NA,1,TRUE,NA,12,
3,T3,0482,HS_MA_LO_04_0482,MA,littorina_obtusata,HS,,6.93,7.52,0.182,TRUE,TRUE,NA,NA,2,TRUE,NA,9,
3,T2,0484,HS_RI_LS_03_0484,RI,littorina_saxatilis,HS,dead,7.93,5.53,0.135,,,,,,FALSE,,,
3,T3,0485,NT_RI_LS_03_0485,RI,littorina_saxatilis,NT,dead,7.49,6.40,0.108,,,,,,FALSE,,,
3,T1,0498,NT_MA_LS_03_0498,MA,littorina_saxatilis,NT,dead,5.39,4.35,0.043,,,,,,FALSE,,,
3,T3,0506,NT_RI_LO_03_0506,RI,littorina_obtusata,NT,dead,5.13,5.43,0.085,,,,,,FALSE,,,
3,T3,0507,HS_RI_LO_03_0507,RI,littorina_obtusata,HS,,11.69,12.15,0.864,TRUE,TRUE,NA,NA,1,TRUE,NA,10,
3,T1,0508,NT_RI_LO_04_0508,RI,littorina_obtusata,NT,,7.46,8.1,0.259,TRUE,TRUE,NA,NA,1,TRUE,NA,29,
3,T2,0510,CS_RI_LS_03_0510,RI,littorina_saxatilis,CS,,7.24,6.51,0.133,TRUE,FALSE,NA,NA,NA,FALSE,NA,NA,
3,T1,0513,HS_MA_LS_03_0513,MA,littorina_saxatilis,HS,,7.28,6.32,0.107,FALSE,FALSE,NA,NA,NA,FALSE,NA,NA,
3,T1,0515,HS_MA_LS_03_0515,MA,littorina_saxatilis,HS,dead,5.14,3.87,0.047,,,,,,FALSE,,,
3,T2,0519,CS_MA_LL_03_0519,MA,littorina_littorea,CS,,8.09,6.90,0.163,FALSE,FALSE,NA,NA,NA,FALSE,NA,NA,
3,T2,0532,CS_RI_LL_03_0532,RI,littorina_littorea,CS,,9.72,8.64,0.338,TRUE,FALSE,NA,NA,NA,FALSE,NA,NA,
3,T3,0537,HS_RI_LS_03_0537,RI,littorina_saxatilis,HS,dead,13.32,11.65,0.401,,,,,,FALSE,,,
3,T2,0538,NT_MA_LL_03_0538,MA,littorina_littorea,NT,,10.26,8.73,0.328,TRUE,TRUE,NA,NA,1,TRUE,NA,46,
3,T1,0545,NT_MA_LS_03_0545,MA,littorina_saxatilis,NT,,5.70,4.37,0.050,TRUE,TRUE,NA,NA,1,TRUE,NA,9,
3,T3,0546,HS_MA_LL_03_0546,MA,littorina_littorea,HS,,12.27,10.67,0.599,TRUE,TRUE,NA,NA,1,TRUE,NA,34,
3,T3,0547,HS_MA_LO_03_0547,MA,littorina_obtusata,HS,,10.99,11.59,0.682,TRUE,FALSE,NA,NA,NA,FALSE,NA,NA,
3,T1,0549,HS_RI_LO_05_0549,RI,littorina_obtusata,HS,,9.88,11.54,0.636,TRUE,FALSE,NA,NA,NA,FALSE,NA,NA,
3,T2,0551,NT_RI_LS_03_0551,RI,littorina_saxatilis,NT,,8.20,5.80,0.171,TRUE,TRUE,NA,NA,1,TRUE,NA,10,
3,T1,0554,CS_RI_LO_05_0554,RI,littorina_obtusata,CS,dead,4.85,5.15,0.062,,,,,,FALSE,,,
3,T1,0555,HS_RI_LS_05_0555,RI,littorina_saxatilis,HS,dead,8.28,6.9,0.134,,,,,,FALSE,,,
3,T1,0556,CS_MA_LO_03_0556,MA,littorina_obtusata,CS,,5.97,5.77,0.119,TRUE,TRUE,NA,NA,2,TRUE,NA,10,
3,T1,0557,NT_MA_LL_03_0557,MA,littorina_littorea,NT,,14.40,11.49,1.023,TRUE,TRUE,NA,NA,1,TRUE,NA,35,
3,T3,0562,HS_MA_LS_03_0562,MA,littorina_saxatilis,HS,,4.32,4.17,0.030,TRUE,FALSE,NA,NA,NA,FALSE,NA,NA,
3,T1,0564,HS_RI_LO_04_0564,RI,littorina_obtusata,HS,,4.88,5.89,0.112,TRUE,FALSE,NA,NA,NA,FALSE,NA,NA,
3,T2,0575,NT_RI_LO_05_0575,RI,littorina_obtusata,NT,,10.27,11.23,0.599,TRUE,TRUE,NA,NA,1,TRUE,NA,27,
3,T2,0590,NT_MA_LS_03_0590,MA,littorina_saxatilis,NT,,7.63,6.55,0.118,TRUE,TRUE,NA,NA,1,TRUE,NA,20,
3,T1,0591,HS_MA_LS_03_0591,MA,littorina_saxatilis,HS,dead,7.81,4.74,0.109,,,,,,FALSE,,,
3,T2,0595,CS_RI_LS_03_0595,RI,littorina_saxatilis,CS,dead,6.70,6.14,0.145,,,,,,FALSE,,,
3,T1,0596,HS_RI_LS_04_0596,RI,littorina_saxatilis,HS,,6.87,5.66,0.108,FALSE,FALSE,NA,NA,NA,FALSE,NA,NA,
3,T1,0598,HS_RI_LO_03_0598,RI,littorina_obtusata,HS,,6.30,5.35,0.163,TRUE,TRUE,NA,NA,1,TRUE,NA,25,
3,T1,0601,CS_MA_LL_03_0601,MA,littorina_littorea,CS,,10.43,8.32,0.376,TRUE,TRUE,NA,NA,2,TRUE,NA,5,
3,T2,0611,HS_MA_LL_03_0611,MA,littorina_littorea,HS,,7.70,6.53,0.158,TRUE,TRUE,NA,NA,1,TRUE,NA,22,vial switched w/ 0661
3,T1,0619,CS_RI_LS_03_0619,RI,littorina_saxatilis,CS,dead,6.90,5.56,0.101,,,,,,FALSE,,,
3,T1,0629,HS_RI_LO_03_0629,RI,littorina_obtusata,HS,dead,4.08,3.18,0.041,,,,,,FALSE,,,
3,T1,0636,CS_RI_LL_03_0636,RI,littorina_littorea,CS,,19.49,16.91,2.524,TRUE,FALSE,NA,NA,NA,FALSE,NA,NA,
3,T1,0637,HS_RI_LS_03_0637,RI,littorina_saxatilis,HS,dead,8.46,6.22,0.207,,,,,,FALSE,,,
3,T3,0640,HS_MA_LO_03_0640,MA,littorina_obtusata,HS,dead,7.00,7.22,0.165,,,,,,FALSE,,,
3,T3,0641,NT_RI_LS_03_0641,RI,littorina_saxatilis,NT,,4.60,3.34,0.024,TRUE,TRUE,NA,NA,1,TRUE,NA,37,
3,T3,0645,HS_RI_LS_05_0645,RI,littorina_saxatilis,HS,dead,11.32,9.12,0.343,,,,,,FALSE,,,
3,T2,0646,CS_MA_LL_03_0646,MA,littorina_littorea,CS,,8.10,7.20,0.198,TRUE,FALSE,NA,NA,NA,FALSE,NA,NA,
3,T1,0649,NT_MA_LL_03_0649,MA,littorina_littorea,NT,,15.68,13.69,1.404,TRUE,TRUE,NA,NA,1,TRUE,NA,31,
3,T2,0650,CS_RI_LO_03_0650,RI,littorina_obtusata,CS,,7.91,9.92,0.423,TRUE,TRUE,NA,NA,1,TRUE,NA,4,dropped
3,T3,0656,NT_MA_LO_03_0656,MA,littorina_obtusata,NT,dead,5.42,5.90,0.082,,,,,,FALSE,,,
3,T2,0657,CS_MA_LL_03_0657,MA,littorina_littorea,CS,,9.57,8.08,0.276,TRUE,FALSE,NA,NA,NA,FALSE,NA,NA,
3,T2,0658,CS_MA_LS_04_0658,MA,littorina_saxatilis,CS,,12.08,10.14,0.502,FALSE,FALSE,NA,NA,NA,FALSE,NA,NA,
3,T3,0661,HS_MA_LL_03_0661,MA,littorina_littorea,HS,,8.93,7.69,0.247,TRUE,TRUE,NA,NA,1,TRUE,NA,45,vial switched w/ 0611
3,T1,0666,NT_MA_LL_03_0666,MA,littorina_littorea,NT,,9.14,7.76,0.325,TRUE,TRUE,NA,NA,1,TRUE,NA,14,
3,T2,0668,NT_RI_LO_03_0668,RI,littorina_obtusata,NT,,7.72,7.81,0.242,TRUE,TRUE,NA,NA,1,TRUE,NA,13,
3,T1,0669,CS_MA_LL_03_0669,MA,littorina_littorea,CS,,17.18,14.40,1.822,TRUE,FALSE,NA,NA,NA,FALSE,NA,NA,
3,T3,0672,NT_RI_LL_03_0672,RI,littorina_littorea,NT,,10.90,9.32,0.427,TRUE,TRUE,NA,NA,1,TRUE,NA,39,
3,T3,0673,CS_MA_LO_03_0673,MA,littorina_obtusata,CS,,7.10,7.79,0.196,TRUE,TRUE,NA,NA,1,TRUE,NA,1,no DI rinse
3,T3,0678,NT_RI_LS_03_0678,RI,littorina_saxatilis,NT,,7.90,6.33,0.176,TRUE,TRUE,NA,NA,1,TRUE,NA,8,
3,T1,0683,CS_MA_LS_04_0683,MA,littorina_saxatilis,CS,,11.1,9.67,0.433,TRUE,FALSE,NA,NA,NA,FALSE,NA,NA,
3,T3,0686,CS_MA_LL_03_0686,MA,littorina_littorea,CS,dead,15.50,13.14,1.123,,,,,,FALSE,,,
3,T2,0690,NT_RI_LS_03_0690,RI,littorina_saxatilis,NT,dead,6.57,5.77,0.089,,,,,,FALSE,,,
3,T1,0691,HS_MA_LS_03_0691,MA,littorina_saxatilis,HS,dead,4.88,3.71,0.032,,,,,,FALSE,,,
3,T1,0705,CS_RI_LS_03_0705,RI,littorina_saxatilis,CS,,8.96,7.14,0.213,FALSE,FALSE,NA,NA,NA,FALSE,NA,NA,
3,T3,0710,HS_RI_LS_04_0710,RI,littorina_saxatilis,HS,,11.13,8.63,0.365,TRUE,TRUE,NA,NA,1,TRUE,NA,24,
3,T1,0720,NT_RI_LO_03_0720,RI,littorina_obtusata,NT,dead,4.91,5.88,0.078,,,,,,FALSE,,,
3,T3,0742,NT_MA_LO_03_0742,MA,littorina_obtusata,NT,,8.16,8.48,0.249,TRUE,TRUE,NA,NA,1,TRUE,NA,16,
3,T1,0747,HS_RI_LS_03_0747,RI,littorina_saxatilis,HS,dead,10.23,7.17,0.263,,,,,,FALSE,,,
3,T1,0749,CS_RI_LS_03_0749,RI,littorina_saxatilis,CS,,10.59,9.93,0.386,FALSE,FALSE,NA,NA,NA,FALSE,NA,NA,
3,T2,0757,NT_RI_LO_03_0757,RI,littorina_obtusata,NT,,5.53,5.77,0.095,TRUE,TRUE,NA,NA,1,TRUE,NA,24,
3,T3,0758,CS_MA_LS_03_0758,MA,littorina_saxatilis,CS,,10.39,8.97,0.326,TRUE,TRUE,NA,NA,1,TRUE,NA,6,
3,T2,0759,HS_RI_LS_03_0759,RI,littorina_saxatilis,HS,dead,6.51,4.70,0.088,,,,,,FALSE,,,
3,T3,0767,CS_MA_LS_04_0767,MA,littorina_saxatilis,CS,,11.85,9.9,0.516,TRUE,FALSE,NA,NA,NA,FALSE,NA,NA,
3,T2,0768,HS_RI_LO_03_0768,RI,littorina_obtusata,HS,,11.31,12.44,0.725,TRUE,TRUE,NA,NA,1,TRUE,NA,48,
3,T1,0770,HS_RI_LL_03_0770,RI,littorina_littorea,HS,dead,11.23,9.66,0.489,,,,,,FALSE,,,
3,T3,0771,CS_MA_LL_03_0771,MA,littorina_littorea,CS,,11.23,9.69,0.490,TRUE,TRUE,NA,NA,1,TRUE,NA,2,
3,T1,0772,HS_MA_LS_03_0772,MA,littorina_saxatilis,HS,dead,7.93,6.67,0.159,,,,,,FALSE,,,
3,T2,0782,HS_RI_LS_04_0782,RI,littorina_saxatilis,HS,,9.46,7.39,0.223,TRUE,FALSE,NA,NA,NA,FALSE,NA,NA,
3,T2,0789,NT_MA_LL_03_0789,MA,littorina_littorea,NT,,10.72,9.27,0.365,TRUE,TRUE,NA,NA,1,TRUE,NA,53,
3,T2,0807,HS_MA_LO_03_0807,MA,littorina_obtusata,HS,,7.39,8.03,0.252,TRUE,TRUE,NA,NA,1,TRUE,NA,46,
3,T1,0809,HS_RI_LS_03_0809,RI,littorina_saxatilis,HS,,7.08,5.12,0.100,TRUE,TRUE,NA,NA,1,TRUE,NA,41,
3,T2,0815,CS_RI_LO_04_0815,RI,littorina_obtusata,CS,,11.5,12.09,0.836,FALSE,FALSE,NA,NA,NA,FALSE,NA,NA,
3,T2,0819,HS_RI_LL_03_0819,RI,littorina_littorea,HS,,18.79,15.86,2.267,TRUE,TRUE,NA,NA,1,TRUE,NA,3,
3,T1,0822,HS_MA_LO_03_0822,MA,littorina_obtusata,HS,,6.19,5.50,0.155,TRUE,TRUE,NA,NA,1,TRUE,NA,26,
3,T1,0823,CS_MA_LS_03_0823,MA,littorina_saxatilis,CS,dead,6.29,4.79,0.074,,,,,,FALSE,,,
3,T3,0825,NT_RI_LL_03_0825,RI,littorina_littorea,NT,,9.42,9.26,0.427,TRUE,TRUE,NA,NA,1,TRUE,NA,1,
3,T3,0839,CS_RI_LS_04_0839,RI,littorina_saxatilis,CS,,8.41,7.28,0.139,FALSE,FALSE,NA,NA,NA,FALSE,NA,NA,
3,T1,0846,CS_RI_LL_03_0846,RI,littorina_littorea,CS,,20.51,17.54,2.874,TRUE,TRUE,NA,NA,3,TRUE,NA,8,
3,T3,0850,CS_MA_LL_05_0850,MA,littorina_littorea,CS,"wrong spp, orig. labeled littorina_saxatilis",16.34,13.18,1.382,,,,,,FALSE,,,
3,T2,0852,HS_RI_LL_03_0852,RI,littorina_littorea,HS,,10.92,9.44,0.451,TRUE,TRUE,NA,NA,1,TRUE,NA,30,
3,T3,0853,HS_MA_LL_03_0853,MA,littorina_littorea,HS,,7.58,6.93,0.178,TRUE,TRUE,NA,NA,1,TRUE,NA,36,
3,T2,0859,CS_MA_LS_03_0859,MA,littorina_saxatilis,CS,,8.46,7.37,0.177,TRUE,FALSE,NA,NA,NA,FALSE,NA,NA,
3,T3,0863,CS_MA_LO_03_0863,MA,littorina_obtusata,CS,dead,11.00,11.47,0.567,,,,,,FALSE,,,
3,T2,0867,CS_RI_LO_03_0867,RI,littorina_obtusata,CS,,11.61,10.92,0.760,FALSE,FALSE,NA,NA,NA,FALSE,NA,NA,
3,T2,0873,NT_RI_LL_03_0873,RI,littorina_littorea,NT,,14.55,10.19,1.141,TRUE,TRUE,NA,NA,1,TRUE,NA,23,
3,T2,0878,CS_MA_LS_05_0878,MA,littorina_saxatilis,CS,,11.25,9.48,0.42,TRUE,FALSE,NA,NA,NA,FALSE,NA,NA,
3,T1,0880,HS_MA_LO_03_0880,MA,littorina_obtusata,HS,dead,6.88,5.59,0.257,,,,,,FALSE,,,
3,T3,0881,NT_RI_LO_03_0881,RI,littorina_obtusata,NT,,3.58,3.97,0.041,TRUE,TRUE,NA,NA,1,TRUE,NA,40,
3,T2,0890,HS_RI_LS_03_0890,RI,littorina_saxatilis,HS,,7.30,6.81,0.126,TRUE,TRUE,NA,NA,1,TRUE,NA,43,
3,T2,0892,CS_RI_LO_03_0892,RI,littorina_obtusata,CS,,10.77,10.47,0.594,TRUE,FALSE,NA,NA,NA,FALSE,NA,NA,
3,T2,0897,CS_MA_LS_03_0897,MA,littorina_saxatilis,CS,,8.10,7.15,0.143,TRUE,TRUE,NA,NA,NA,TRUE,NA,9,
3,T1,0898,CS_RI_LL_03_0898,RI,littorina_littorea,CS,,14.21,12.11,1.068,FALSE,FALSE,NA,NA,NA,FALSE,NA,NA,
3,T2,0907,HS_RI_LS_04_0907,RI,littorina_saxatilis,HS,,8.32,7.8,0.186,TRUE,TRUE,NA,NA,1,TRUE,NA,17,
3,T2,0911,CS_RI_LL_03_0911,RI,littorina_littorea,CS,,8.25,7.30,0.249,FALSE,FALSE,NA,NA,NA,FALSE,NA,NA,
3,T1,0912,CS_MA_LS_03_0912,MA,littorina_saxatilis,CS,dead,5.13,4.35,0.055,,,,,,FALSE,,,
3,T1,0913,CS_RI_LO_03_0913,RI,littorina_obtusata,CS,,9.10,11.02,0.555,TRUE,FALSE,NA,NA,NA,FALSE,NA,NA,
3,T3,0916,HS_RI_LS_03_0916,RI,littorina_saxatilis,HS,,8.08,7.18,0.170,TRUE,TRUE,NA,NA,1,TRUE,NA,1,
3,T3,0922,CS_MA_LS_03_0922,MA,littorina_saxatilis,CS,,9.19,7.47,0.211,TRUE,TRUE,NA,NA,2,TRUE,NA,15,
3,T3,0927,NT_RI_LL_04_0927,RI,littorina_littorea,NT,,13.06,11.86,0.886,TRUE,TRUE,NA,NA,1,TRUE,NA,4,
3,T1,0928,HS_MA_LO_05_0928,MA,littorina_obtusata,HS,,7.25,7.54,0.222,TRUE,TRUE,NA,NA,1,TRUE,NA,27,
3,T2,0936,NT_RI_LS_03_0936,RI,littorina_saxatilis,NT,dead,5.30,3.73,0.045,,,,,,FALSE,,,
3,T2,0942,HS_MA_LL_03_0942,MA,littorina_littorea,HS,,7.43,6.37,0.143,TRUE,TRUE,NA,NA,1,TRUE,NA,38,
3,T3,0954,CS_MA_LS_03_0954,MA,littorina_saxatilis,CS,dead,9.25,8.49,0.309,,,,,,FALSE,,,
3,T2,0961,CS_RI_LL_04_0961,RI,littorina_littorea,CS,,11.26,9.8,0.495,TRUE,FALSE,NA,NA,NA,FALSE,NA,NA,
3,T2,0965,CS_MA_LL_03_0965,MA,littorina_littorea,CS,,11.71,10.22,0.594,TRUE,FALSE,NA,NA,NA,FALSE,NA,NA,
3,T2,0969,HS_RI_LS_03_0969,RI,littorina_saxatilis,HS,dead,8.09,7.32,0.183,,,,,,FALSE,,,
3,T3,0972,NT_RI_LO_03_0972,RI,littorina_obtusata,NT,,9.29,10.51,0.528,TRUE,TRUE,NA,NA,1,TRUE,NA,60,
3,T3,0975,HS_MA_LO_05_0975,MA,littorina_obtusata,HS,,8.61,9.19,0.301,TRUE,TRUE,NA,NA,3,TRUE,NA,7,
3,T3,0977,NT_MA_LS_03_0977,MA,littorina_saxatilis,NT,,7.87,6.77,0.116,TRUE,TRUE,NA,NA,1,TRUE,NA,56,
3,T3,0980,CS_RI_LO_03_0980,RI,littorina_obtusata,CS,,6.71,7.26,0.188,TRUE,FALSE,NA,NA,NA,FALSE,NA,NA,
3,T2,0982,HS_MA_LS_03_0982,MA,littorina_saxatilis,HS,dead,6.80,6.32,0.097,,,,,,FALSE,,,
3,T1,0986,CS_RI_LS_04_0986,RI,littorina_saxatilis,CS,,9.06,7.22,0.216,FALSE,FALSE,NA,NA,NA,FALSE,NA,NA,
3,T2,0988,CS_MA_LS_03_0988,MA,littorina_saxatilis,CS,dead,6.53,5.44,0.073,,,,,,FALSE,,,
3,T3,0989,NT_MA_LS_03_0989,MA,littorina_saxatilis,NT,dead,7.93,6.91,0.150,,,,,,FALSE,,,
3,T1,1000,CS_RI_LS_04_1000,RI,littorina_saxatilis,CS,,5.63,5.04,0.064,FALSE,FALSE,NA,NA,NA,FALSE,NA,NA,
3,T3,1003,HS_MA_LS_04_1003,MA,littorina_saxatilis,HS,,10.84,9.18,0.391,TRUE,TRUE,NA,NA,1,TRUE,NA,35,
3,T1,1010,CS_RI_LS_03_1010,RI,littorina_saxatilis,CS,dead,7.69,5.05,0.138,,,,,,FALSE,,,
3,T1,1014,CS_RI_LS_04_1014,RI,littorina_saxatilis,CS,,5.14,4.2,0.04,FALSE,FALSE,NA,NA,NA,FALSE,NA,NA,
3,T1,1021,NT_MA_LO_03_1021,MA,littorina_obtusata,NT,,6.09,5.31,0.176,TRUE,TRUE,NA,NA,1,TRUE,NA,43,
3,T1,1026,HS_RI_LS_03_1026,RI,littorina_saxatilis,HS,dead,9.48,6.71,0.245,,,,,,FALSE,,,
3,T1,1029,HS_MA_LS_04_1029,MA,littorina_saxatilis,HS,,6.89,6.07,0.094,TRUE,TRUE,NA,NA,1,TRUE,NA,29,
3,T3,1041,NT_MA_LO_03_1041,MA,littorina_obtusata,NT,,5.65,6.37,0.125,TRUE,TRUE,NA,NA,1,TRUE,NA,55,
3,T1,1049,CS_RI_LL_03_1049,RI,littorina_littorea,CS,,10.31,7.72,0.349,TRUE,FALSE,NA,NA,NA,FALSE,NA,NA,
3,T2,1054,CS_MA_LO_03_1054,MA,littorina_obtusata,CS,,7.23,7.83,0.206,TRUE,TRUE,NA,NA,1,TRUE,NA,12,
3,T3,1056,CS_RI_LL_03_1056,RI,littorina_littorea,CS,,8.30,7.63,0.227,FALSE,FALSE,NA,NA,NA,FALSE,NA,NA,
3,T3,1059,HS_MA_LL_03_1059,MA,littorina_littorea,HS,,8.31,7.21,0.181,TRUE,TRUE,NA,NA,1,TRUE,NA,23,
3,T1,1062,NT_RI_LS_03_1062,RI,littorina_saxatilis,NT,,8.95,6.14,0.188,TRUE,TRUE,NA,NA,1,TRUE,NA,45,
3,T3,1063,CS_MA_LO_03_1063,MA,littorina_obtusata,CS,dead,5.19,6.08,0.113,,,,,,FALSE,,,
3,T2,1065,NT_RI_LO_03_1065,RI,littorina_obtusata,NT,,10.18,11.80,0.558,TRUE,TRUE,NA,NA,1,TRUE,NA,5,
3,T3,1068,NT_MA_LS_05_1068,MA,littorina_saxatilis,NT,,7.72,6.52,0.138,TRUE,TRUE,NA,NA,1,TRUE,NA,38,
3,T3,1070,NT_MA_LO_05_1070,MA,littorina_obtusata,NT,,5.08,5.49,0.078,TRUE,TRUE,NA,NA,1,TRUE,NA,59,
3,T1,1071,HS_MA_LS_04_1071,MA,littorina_saxatilis,HS,,6.48,5.39,0.096,TRUE,TRUE,NA,NA,1,TRUE,NA,8,
3,T1,1073,HS_MA_LL_03_1073,MA,littorina_littorea,HS,,9.66,7.72,0.284,TRUE,FALSE,NA,NA,NA,FALSE,NA,NA,
3,T3,1074,HS_MA_LL_03_1074,MA,littorina_littorea,HS,"wrong spp, orig. labeled littorina_saxatilis",19.81,16.86,2.393,,,,,,FALSE,,,
3,T2,1076,NT_MA_LO_03_1076,MA,littorina_obtusata,NT,,8.81,9.17,0.328,TRUE,TRUE,NA,NA,1,TRUE,NA,7,